Program: PeakIntervalMiddleHopper, Version Checkstring: 1wt79hn_1521d29a745.tnt.vcs, Box Name: Box 01, Setup: 1, _DateTime: Tue Oct 08 15:22:18 ADT 2019, Version: 1, _ResultSize: 53068, Controller: Brown Lab 192.168.0.227, Username: Richard Brown, _LineMap: <non-comparable key value>, Auto-Upload Results: yes, _ConSoftwareVer: cu3.22:i21, _TestRunID: null, _SetupTS: 1511bb97c98_1.cnssetup, _ConUniqueID: 00:2:b3:cd:82:23, Status: Unverified   TRANSIENT: index: 1839 source: cenes.tnt.filter.Archive@45a4730a
0.0,DIGITAL_IN,TrayReport,-1,null
0.0,PROGRAM,START,2846,2846
0.0,BLOCK,START,1,null
0.0,PROGRAMMATIC,FIEvent,-1,null
236.545,DIGITAL_IN,ChoiceWallIR,-1,null
1120.132,DIGITAL_IN,ChoiceWallIR,0,null
1156.115,DIGITAL_IN,ChoiceWallIR,-1,null
1164.111,DIGITAL_IN,ChoiceWallIR,0,null
5451.105,DIGITAL_IN,TrayWallIR,-1,null
5463.099,DIGITAL_IN,TrayWallIR,0,null
5567.051,DIGITAL_IN,TrayWallIR,-1,null
5571.05,DIGITAL_IN,TrayWallIR,0,null
5627.023,DIGITAL_IN,ChoiceWallIR,-1,null
7230.272,DIGITAL_IN,ChoiceWallIR,0,null
7574.112,DIGITAL_IN,ChoiceWallIR,-1,null
7678.063,DIGITAL_IN,ChoiceWallIR,0,null
7833.99,DIGITAL_IN,TrayWallIR,-1,null
8009.908,DIGITAL_IN,ChoiceWallIR,-1,null
8033.896,DIGITAL_IN,ChoiceWallIR,0,null
8093.868,DIGITAL_IN,ChoiceWallIR,-1,null
8137.848,DIGITAL_IN,TrayWallIR,0,null
8261.79,DIGITAL_IN,ChoiceWallIR,0,null
8281.78,DIGITAL_IN,TrayWallIR,-1,null
8337.754,DIGITAL_IN,ChoiceWallIR,-1,null
8369.739,DIGITAL_IN,ChoiceWallIR,0,null
8457.698,DIGITAL_IN,ChoiceWallIR,-1,null
8477.689,DIGITAL_IN,ChoiceWallIR,0,null
8717.576,DIGITAL_IN,ChoiceWallIR,-1,null
8729.571,DIGITAL_IN,ChoiceWallIR,0,null
8837.52,DIGITAL_IN,TrayWallIR,0,null
8877.502,DIGITAL_IN,TrayWallIR,-1,null
8889.496,DIGITAL_IN,TrayWallIR,0,null
8909.487,DIGITAL_IN,TrayWallIR,-1,null
9513.204,DIGITAL_IN,TrayWallIR,0,null
9533.195,DIGITAL_IN,TrayWallIR,-1,null
10648.673,DIGITAL_IN,TrayWallIR,0,null
12684.72,DIGITAL_IN,TrayWallIR,-1,null
12780.675,DIGITAL_IN,TrayWallIR,0,null
13024.561,DIGITAL_IN,TrayWallIR,-1,null
13036.555,DIGITAL_IN,TrayWallIR,0,null
13196.481,DIGITAL_IN,ChoiceWallIR,-1,null
14204.009,DIGITAL_IN,Hole5NP,-1,null
14463.888,DIGITAL_IN,Hole5NP,0,null
15000.0,PROGRAMMATIC,FITimerEvent,-1,null
18878.822,DIGITAL_IN,ChoiceWallIR,0,null
18966.78,DIGITAL_IN,ChoiceWallIR,-1,null
18990.769,DIGITAL_IN,ChoiceWallIR,0,null
19098.719,DIGITAL_IN,ChoiceWallIR,-1,null
19226.659,DIGITAL_IN,ChoiceWallIR,0,null
19458.55,DIGITAL_IN,ChoiceWallIR,-1,null
19486.537,DIGITAL_IN,ChoiceWallIR,0,null
22041.342,DIGITAL_IN,ChoiceWallIR,-1,null
22225.256,DIGITAL_IN,ChoiceWallIR,0,null
23000.893,DIGITAL_IN,ChoiceWallIR,-1,null
23316.745,DIGITAL_IN,TrayWallIR,-1,null
23324.741,DIGITAL_IN,TrayWallIR,0,null
27771.66,DIGITAL_IN,ChoiceWallIR,0,null
28135.49,DIGITAL_IN,ChoiceWallIR,-1,null
28195.462,DIGITAL_IN,ChoiceWallIR,0,null
28427.354,DIGITAL_IN,ChoiceWallIR,-1,null
29918.656,DIGITAL_IN,ChoiceWallIR,0,null
30098.572,DIGITAL_IN,ChoiceWallIR,-1,null
30266.493,DIGITAL_IN,ChoiceWallIR,0,null
30903.195,DIGITAL_IN,ChoiceWallIR,-1,null
30935.18,DIGITAL_IN,TrayWallIR,-1,null
30939.18,DIGITAL_IN,TrayWallIR,0,null
31007.146,DIGITAL_IN,TrayWallIR,-1,null
31011.146,DIGITAL_IN,TrayWallIR,0,null
33869.807,DIGITAL_IN,Hole4NP,-1,null
34125.687,DIGITAL_IN,Hole4NP,0,null
36384.63,DIGITAL_IN,ChoiceWallIR,0,null
36396.624,DIGITAL_IN,ChoiceWallIR,-1,null
36404.621,DIGITAL_IN,ChoiceWallIR,0,null
36580.538,DIGITAL_IN,TrayWallIR,-1,null
36944.368,DIGITAL_IN,ChoiceWallIR,-1,null
37008.338,DIGITAL_IN,ChoiceWallIR,0,null
37064.312,DIGITAL_IN,ChoiceWallIR,-1,null
37108.291,DIGITAL_IN,ChoiceWallIR,0,null
37289.207,DIGITAL_IN,ChoiceWallIR,-1,null
37353.177,DIGITAL_IN,ChoiceWallIR,0,null
37521.098,DIGITAL_IN,ChoiceWallIR,-1,null
37537.091,DIGITAL_IN,ChoiceWallIR,0,null
41619.183,DIGITAL_IN,TrayWallIR,0,null
41823.085,DIGITAL_IN,TrayWallIR,-1,null
41859.068,DIGITAL_IN,TrayWallIR,0,null
41883.057,DIGITAL_IN,TrayWallIR,-1,null
43378.358,DIGITAL_IN,TrayWallIR,0,null
43438.329,DIGITAL_IN,TrayWallIR,-1,null
43470.315,DIGITAL_IN,TrayWallIR,0,null
43578.264,DIGITAL_IN,TrayWallIR,-1,null
44550.809,DIGITAL_IN,TrayWallIR,0,null
44770.706,DIGITAL_IN,ChoiceWallIR,-1,null
45000.0,PROGRAMMATIC,TimeOutTimerEvent,-1,null
45000.0,ALWAYS,ITI,-1,null
46481.906,DIGITAL_IN,Hole5NP,-1,null
46521.887,DIGITAL_IN,Hole5NP,0,null
46553.872,DIGITAL_IN,Hole5NP,-1,null
46913.703,DIGITAL_IN,Hole5NP,0,null
47917.234,DIGITAL_IN,ChoiceWallIR,0,null
47925.23,DIGITAL_IN,ChoiceWallIR,-1,null
47929.229,DIGITAL_IN,ChoiceWallIR,0,null
48021.185,DIGITAL_IN,TrayWallIR,-1,null
49076.691,DIGITAL_IN,TrayWallIR,0,null
49248.611,DIGITAL_IN,TrayWallIR,-1,null
49252.61,DIGITAL_IN,TrayWallIR,0,null
50264.135,DIGITAL_IN,ChoiceWallIR,-1,null
50272.132,DIGITAL_IN,ChoiceWallIR,0,null
50377.083,DIGITAL_IN,ChoiceWallIR,-1,null
50389.077,DIGITAL_IN,ChoiceWallIR,0,null
50768.899,DIGITAL_IN,ChoiceWallIR,-1,null
50776.895,DIGITAL_IN,ChoiceWallIR,0,null
50868.853,DIGITAL_IN,ChoiceWallIR,-1,null
50880.847,DIGITAL_IN,ChoiceWallIR,0,null
50904.836,DIGITAL_IN,ChoiceWallIR,-1,null
50924.826,DIGITAL_IN,ChoiceWallIR,0,null
50968.806,DIGITAL_IN,ChoiceWallIR,-1,null
50980.8,DIGITAL_IN,ChoiceWallIR,0,null
51060.763,DIGITAL_IN,ChoiceWallIR,-1,null
51072.757,DIGITAL_IN,ChoiceWallIR,0,null
51292.654,DIGITAL_IN,ChoiceWallIR,-1,null
51312.645,DIGITAL_IN,ChoiceWallIR,0,null
51332.635,DIGITAL_IN,ChoiceWallIR,-1,null
51364.621,DIGITAL_IN,ChoiceWallIR,0,null
53027.842,DIGITAL_IN,ChoiceWallIR,-1,null
53035.839,DIGITAL_IN,ChoiceWallIR,0,null
53059.827,DIGITAL_IN,ChoiceWallIR,-1,null
53063.827,DIGITAL_IN,ChoiceWallIR,0,null
53331.7,DIGITAL_IN,ChoiceWallIR,-1,null
53339.696,DIGITAL_IN,ChoiceWallIR,0,null
53395.67,DIGITAL_IN,ChoiceWallIR,-1,null
53399.669,DIGITAL_IN,ChoiceWallIR,0,null
53439.65,DIGITAL_IN,ChoiceWallIR,-1,null
53451.644,DIGITAL_IN,ChoiceWallIR,0,null
53463.638,DIGITAL_IN,ChoiceWallIR,-1,null
53483.629,DIGITAL_IN,ChoiceWallIR,0,null
54247.272,DIGITAL_IN,ChoiceWallIR,-1,null
54459.172,DIGITAL_IN,ChoiceWallIR,0,null
54515.146,DIGITAL_IN,ChoiceWallIR,-1,null
54715.053,DIGITAL_IN,ChoiceWallIR,0,null
56318.303,DIGITAL_IN,TrayWallIR,-1,null
56574.183,DIGITAL_IN,ChoiceWallIR,-1,null
56582.179,DIGITAL_IN,ChoiceWallIR,0,null
57434.78,DIGITAL_IN,ChoiceWallIR,-1,null
57490.754,DIGITAL_IN,ChoiceWallIR,0,null
57526.737,DIGITAL_IN,ChoiceWallIR,-1,null
57678.666,DIGITAL_IN,ChoiceWallIR,0,null
57702.655,DIGITAL_IN,ChoiceWallIR,-1,null
57762.627,DIGITAL_IN,ChoiceWallIR,0,null
57822.599,DIGITAL_IN,ChoiceWallIR,-1,null
57838.591,DIGITAL_IN,ChoiceWallIR,0,null
58106.466,DIGITAL_IN,ChoiceWallIR,-1,null
58134.453,DIGITAL_IN,ChoiceWallIR,0,null
60513.34,DIGITAL_IN,TrayWallIR,0,null
60705.25,DIGITAL_IN,TrayWallIR,-1,null
60837.188,DIGITAL_IN,TrayWallIR,0,null
60853.181,DIGITAL_IN,TrayWallIR,-1,null
60921.149,DIGITAL_IN,TrayWallIR,0,null
60973.124,DIGITAL_IN,ChoiceWallIR,-1,null
62008.64,DIGITAL_IN,ChoiceWallIR,0,null
63136.112,DIGITAL_IN,ChoiceWallIR,-1,null
63272.049,DIGITAL_IN,ChoiceWallIR,0,null
63620.885,DIGITAL_IN,ChoiceWallIR,-1,null
63644.875,DIGITAL_IN,TrayWallIR,-1,null
63748.826,DIGITAL_IN,TrayWallIR,0,null
63816.794,DIGITAL_IN,TrayWallIR,-1,null
64520.464,DIGITAL_IN,TrayWallIR,0,null
64692.385,DIGITAL_IN,TrayWallIR,-1,null
64992.244,DIGITAL_IN,TrayWallIR,0,null
65000.0,PROGRAMMATIC,ITITimerEvent,-1,null
65244.126,DIGITAL_IN,Hole5NP,-1,null
65284.107,DIGITAL_IN,Hole5NP,0,null
65412.047,DIGITAL_IN,Hole5NP,-1,null
65747.89,DIGITAL_IN,Hole5NP,0,null
68566.0,PROGRAMMATIC,RandITITimerEvent,-1,null
68566.0,PROGRAMMATIC,FIEvent,-1,null
69278.238,DIGITAL_IN,ChoiceWallIR,0,null
69310.223,DIGITAL_IN,ChoiceWallIR,-1,null
69594.09,DIGITAL_IN,ChoiceWallIR,0,null
69666.057,DIGITAL_IN,ChoiceWallIR,-1,null
69718.032,DIGITAL_IN,ChoiceWallIR,0,null
69873.959,DIGITAL_IN,TrayWallIR,-1,null
70074.865,DIGITAL_IN,ChoiceWallIR,-1,null
70086.86,DIGITAL_IN,ChoiceWallIR,0,null
70146.832,DIGITAL_IN,TrayWallIR,0,null
70678.583,DIGITAL_IN,ChoiceWallIR,-1,null
70686.579,DIGITAL_IN,ChoiceWallIR,0,null
70898.48,DIGITAL_IN,TrayWallIR,-1,null
73613.21,DIGITAL_IN,TrayWallIR,0,null
73665.189,DIGITAL_IN,TrayWallIR,-1,null
73705.167,DIGITAL_IN,TrayWallIR,0,null
73885.082,DIGITAL_IN,ChoiceWallIR,-1,null
73893.079,DIGITAL_IN,TrayWallIR,-1,null
73901.075,DIGITAL_IN,TrayWallIR,0,null
73965.045,DIGITAL_IN,TrayWallIR,-1,null
73981.037,DIGITAL_IN,TrayWallIR,0,null
83566.0,PROGRAMMATIC,FITimerEvent,-1,null
83822.432,DIGITAL_IN,ChoiceWallIR,0,null
83842.423,DIGITAL_IN,ChoiceWallIR,-1,null
83962.367,DIGITAL_IN,ChoiceWallIR,0,null
84002.348,DIGITAL_IN,ChoiceWallIR,-1,null
84082.311,DIGITAL_IN,ChoiceWallIR,0,null
84086.31,DIGITAL_IN,TrayWallIR,-1,null
84190.26,DIGITAL_IN,TrayWallIR,0,null
90220.439,DIGITAL_IN,TrayWallIR,-1,null
90288.407,DIGITAL_IN,TrayWallIR,0,null
90332.386,DIGITAL_IN,TrayWallIR,-1,null
90356.375,DIGITAL_IN,TrayWallIR,0,null
90576.272,DIGITAL_IN,ChoiceWallIR,-1,null
90576.272,DIGITAL_IN,TrayWallIR,-1,null
90592.265,DIGITAL_IN,TrayWallIR,0,null
90624.25,DIGITAL_IN,TrayWallIR,-1,null
90636.245,DIGITAL_IN,TrayWallIR,0,null
90648.238,DIGITAL_IN,TrayWallIR,-1,null
90652.238,DIGITAL_IN,TrayWallIR,0,null
90696.216,DIGITAL_IN,TrayWallIR,-1,null
90708.21,DIGITAL_IN,TrayWallIR,0,null
90860.139,DIGITAL_IN,TrayWallIR,-1,null
90876.132,DIGITAL_IN,TrayWallIR,0,null
91579.802,DIGITAL_IN,Hole5NP,-1,null
91579.802,PROGRAMMATIC,Hole5Event,-1,null
91595.795,DIGITAL_IN,Hole5NP,0,null
91691.752,DIGITAL_IN,Hole5NP,-1,null
91723.735,DIGITAL_IN,Hole5NP,0,null
92683.286,DIGITAL_IN,ChoiceWallIR,0,null
92779.802,PROGRAMMATIC,FeederTimerEvent,-1,null
92779.802,ALWAYS,ITI,-1,null
92803.23,DIGITAL_IN,TrayWallIR,-1,null
99872.922,DIGITAL_IN,TrayWallIR,0,null
103264.335,DIGITAL_IN,TrayWallIR,-1,null
103280.327,DIGITAL_IN,TrayWallIR,0,null
103288.324,DIGITAL_IN,TrayWallIR,-1,null
103308.314,DIGITAL_IN,TrayWallIR,0,null
103556.198,DIGITAL_IN,TrayWallIR,-1,null
103572.191,DIGITAL_IN,TrayWallIR,0,null
103892.041,DIGITAL_IN,TrayWallIR,-1,null
103900.038,DIGITAL_IN,TrayWallIR,0,null
104071.957,DIGITAL_IN,TrayWallIR,-1,null
104127.931,DIGITAL_IN,TrayWallIR,0,null
104355.824,DIGITAL_IN,TrayWallIR,-1,null
104379.813,DIGITAL_IN,TrayWallIR,0,null
104819.607,DIGITAL_IN,TrayWallIR,-1,null
104887.575,DIGITAL_IN,TrayWallIR,0,null
105183.437,DIGITAL_IN,TrayWallIR,-1,null
105187.436,DIGITAL_IN,TrayWallIR,0,null
105659.214,DIGITAL_IN,TrayWallIR,-1,null
106274.926,DIGITAL_IN,TrayWallIR,0,null
106678.737,DIGITAL_IN,TrayWallIR,-1,null
106854.655,DIGITAL_IN,TrayWallIR,0,null
107454.375,DIGITAL_IN,TrayWallIR,-1,null
107466.369,DIGITAL_IN,TrayWallIR,0,null
110234.074,DIGITAL_IN,ChoiceWallIR,-1,null
110409.991,DIGITAL_IN,TrayWallIR,-1,null
110705.853,DIGITAL_IN,TrayWallIR,0,null
110737.838,DIGITAL_IN,TrayWallIR,-1,null
110753.83,DIGITAL_IN,TrayWallIR,0,null
110985.722,DIGITAL_IN,TrayWallIR,-1,null
110993.718,DIGITAL_IN,TrayWallIR,0,null
111945.273,DIGITAL_IN,ChoiceWallIR,0,null
112105.198,DIGITAL_IN,TrayWallIR,-1,null
112113.194,DIGITAL_IN,TrayWallIR,0,null
112141.181,DIGITAL_IN,TrayWallIR,-1,null
112145.181,DIGITAL_IN,TrayWallIR,0,null
112249.131,DIGITAL_IN,TrayWallIR,-1,null
112257.127,DIGITAL_IN,TrayWallIR,0,null
112779.802,PROGRAMMATIC,ITITimerEvent,-1,null
113296.64,DIGITAL_IN,TrayWallIR,-1,null
113348.616,DIGITAL_IN,TrayWallIR,0,null
113360.611,DIGITAL_IN,ChoiceWallIR,-1,null
113368.607,DIGITAL_IN,ChoiceWallIR,0,null
113412.586,DIGITAL_IN,ChoiceWallIR,-1,null
113524.534,DIGITAL_IN,ChoiceWallIR,0,null
113568.514,DIGITAL_IN,ChoiceWallIR,-1,null
113604.496,DIGITAL_IN,ChoiceWallIR,0,null
113948.336,DIGITAL_IN,TrayWallIR,-1,null
114232.203,DIGITAL_IN,TrayReport,0,null
114236.202,DIGITAL_IN,TrayReport,-1,null
114260.19,DIGITAL_IN,TrayReport,0,null
114264.189,DIGITAL_IN,TrayReport,-1,null
115355.677,DIGITAL_IN,TrayReport,0,null
115387.662,DIGITAL_IN,TrayReport,-1,null
115403.655,DIGITAL_IN,TrayReport,0,null
115411.651,DIGITAL_IN,TrayReport,-1,null
115419.647,DIGITAL_IN,TrayReport,0,null
115427.643,DIGITAL_IN,TrayReport,-1,null
115962.802,PROGRAMMATIC,RandITITimerEvent,-1,null
115962.802,PROGRAMMATIC,FIEvent,-1,null
116955.928,DIGITAL_IN,TrayWallIR,0,null
117047.886,DIGITAL_IN,TrayWallIR,-1,null
117075.872,DIGITAL_IN,TrayWallIR,0,null
128403.571,DIGITAL_IN,TrayWallIR,-1,null
128411.568,DIGITAL_IN,TrayWallIR,0,null
128527.513,DIGITAL_IN,TrayWallIR,-1,null
128543.506,DIGITAL_IN,TrayWallIR,0,null
130643.523,DIGITAL_IN,TrayWallIR,-1,null
130647.524,DIGITAL_IN,TrayWallIR,0,null
130699.497,DIGITAL_IN,TrayWallIR,-1,null
130703.497,DIGITAL_IN,TrayWallIR,0,null
130962.802,PROGRAMMATIC,FITimerEvent,-1,null
132806.511,DIGITAL_IN,TrayWallIR,-1,null
132954.442,DIGITAL_IN,TrayWallIR,0,null
133414.227,DIGITAL_IN,TrayWallIR,-1,null
133442.214,DIGITAL_IN,TrayWallIR,0,null
133494.189,DIGITAL_IN,TrayWallIR,-1,null
133514.18,DIGITAL_IN,TrayWallIR,0,null
133570.154,DIGITAL_IN,TrayWallIR,-1,null
133578.15,DIGITAL_IN,TrayWallIR,0,null
133598.141,DIGITAL_IN,TrayWallIR,-1,null
133602.14,DIGITAL_IN,TrayWallIR,0,null
133610.135,DIGITAL_IN,ChoiceWallIR,-1,null
134317.804,DIGITAL_IN,TrayWallIR,-1,null
134353.787,DIGITAL_IN,TrayWallIR,0,null
135057.458,DIGITAL_IN,Hole5NP,-1,null
135057.458,PROGRAMMATIC,Hole5Event,-1,null
135097.439,DIGITAL_IN,Hole5NP,0,null
135129.424,DIGITAL_IN,Hole5NP,-1,null
135197.392,DIGITAL_IN,Hole5NP,0,null
135221.381,DIGITAL_IN,Hole5NP,-1,null
135250.368,DIGITAL_IN,Hole5NP,0,null
135874.076,DIGITAL_IN,ChoiceWallIR,0,null
136049.993,DIGITAL_IN,TrayWallIR,-1,null
136257.458,PROGRAMMATIC,FeederTimerEvent,-1,null
136257.458,ALWAYS,ITI,-1,null
142587.934,DIGITAL_IN,TrayReport,0,null
142591.934,DIGITAL_IN,TrayReport,-1,null
142623.917,DIGITAL_IN,TrayReport,0,null
142627.917,DIGITAL_IN,TrayReport,-1,null
142635.912,DIGITAL_IN,TrayReport,0,null
142639.911,DIGITAL_IN,TrayReport,-1,null
142663.899,DIGITAL_IN,TrayReport,0,null
142667.898,DIGITAL_IN,TrayReport,-1,null
142951.764,DIGITAL_IN,TrayWallIR,0,null
145062.776,DIGITAL_IN,TrayWallIR,-1,null
146278.208,DIGITAL_IN,TrayWallIR,0,null
146330.183,DIGITAL_IN,TrayWallIR,-1,null
147389.687,DIGITAL_IN,TrayWallIR,0,null
147757.515,DIGITAL_IN,ChoiceWallIR,-1,null
147905.446,DIGITAL_IN,TrayWallIR,-1,null
147917.44,DIGITAL_IN,TrayWallIR,0,null
149377.757,DIGITAL_IN,ChoiceWallIR,0,null
149489.705,DIGITAL_IN,TrayWallIR,-1,null
150305.323,DIGITAL_IN,TrayWallIR,0,null
150401.278,DIGITAL_IN,TrayWallIR,-1,null
153243.948,DIGITAL_IN,TrayReport,0,null
153247.948,DIGITAL_IN,TrayReport,-1,null
153931.626,DIGITAL_IN,TrayWallIR,0,null
153991.598,DIGITAL_IN,TrayWallIR,-1,null
154631.299,DIGITAL_IN,TrayWallIR,0,null
154635.298,DIGITAL_IN,TrayWallIR,-1,null
156257.458,PROGRAMMATIC,ITITimerEvent,-1,null
157662.88,DIGITAL_IN,TrayWallIR,0,null
157778.826,DIGITAL_IN,TrayWallIR,-1,null
157782.825,DIGITAL_IN,TrayWallIR,0,null
157836.458,PROGRAMMATIC,RandITITimerEvent,-1,null
157836.458,PROGRAMMATIC,PIEvent,-1,null
157842.798,DIGITAL_IN,ChoiceWallIR,-1,null
158158.648,DIGITAL_IN,TrayWallIR,-1,null
158422.525,DIGITAL_IN,TrayWallIR,0,null
158466.504,DIGITAL_IN,TrayWallIR,-1,null
158518.48,DIGITAL_IN,TrayWallIR,0,null
158714.388,DIGITAL_IN,TrayWallIR,-1,null
158762.366,DIGITAL_IN,TrayWallIR,0,null
165636.149,DIGITAL_IN,ChoiceWallIR,0,null
166359.81,DIGITAL_IN,TrayWallIR,-1,null
167287.376,DIGITAL_IN,TrayWallIR,0,null
167435.307,DIGITAL_IN,TrayWallIR,-1,null
167507.274,DIGITAL_IN,TrayWallIR,0,null
168159.968,DIGITAL_IN,TrayWallIR,-1,null
168443.836,DIGITAL_IN,TrayWallIR,0,null
168547.787,DIGITAL_IN,TrayWallIR,-1,null
168615.755,DIGITAL_IN,TrayWallIR,0,null
171842.245,DIGITAL_IN,ChoiceWallIR,-1,null
172022.161,DIGITAL_IN,TrayWallIR,-1,null
172026.16,DIGITAL_IN,TrayWallIR,0,null
172038.153,DIGITAL_IN,TrayWallIR,-1,null
172118.116,DIGITAL_IN,TrayWallIR,0,null
172178.088,DIGITAL_IN,TrayWallIR,-1,null
172254.052,DIGITAL_IN,TrayWallIR,0,null
172326.019,DIGITAL_IN,TrayWallIR,-1,null
172338.013,DIGITAL_IN,TrayWallIR,0,null
172477.948,DIGITAL_IN,TrayWallIR,-1,null
172533.921,DIGITAL_IN,TrayWallIR,0,null
172577.901,DIGITAL_IN,TrayWallIR,-1,null
172637.873,DIGITAL_IN,TrayWallIR,0,null
172673.856,DIGITAL_IN,TrayWallIR,-1,null
172773.809,DIGITAL_IN,TrayWallIR,0,null
173529.456,DIGITAL_IN,TrayWallIR,-1,null
173797.33,DIGITAL_IN,TrayWallIR,0,null
174713.901,DIGITAL_IN,Hole4NP,-1,null
174849.838,DIGITAL_IN,Hole4NP,0,null
176461.084,DIGITAL_IN,ChoiceWallIR,0,null
176465.083,DIGITAL_IN,TrayWallIR,-1,null
176477.076,DIGITAL_IN,TrayWallIR,0,null
176684.979,DIGITAL_IN,ChoiceWallIR,-1,null
176696.973,DIGITAL_IN,ChoiceWallIR,0,null
176824.917,DIGITAL_IN,TrayWallIR,-1,null
179583.623,DIGITAL_IN,TrayWallIR,0,null
179779.531,DIGITAL_IN,ChoiceWallIR,-1,null
179847.499,DIGITAL_IN,TrayWallIR,-1,null
179855.495,DIGITAL_IN,TrayWallIR,0,null
179919.465,DIGITAL_IN,TrayWallIR,-1,null
180019.419,DIGITAL_IN,TrayWallIR,0,null
180239.316,DIGITAL_IN,TrayWallIR,-1,null
180295.29,DIGITAL_IN,TrayWallIR,0,null
180555.168,DIGITAL_IN,TrayWallIR,-1,null
180563.164,DIGITAL_IN,TrayWallIR,0,null
180599.147,DIGITAL_IN,TrayWallIR,-1,null
180615.14,DIGITAL_IN,TrayWallIR,0,null
180691.104,DIGITAL_IN,TrayWallIR,-1,null
180703.099,DIGITAL_IN,TrayWallIR,0,null
180731.086,DIGITAL_IN,Hole5NP,-1,null
180815.046,DIGITAL_IN,Hole5NP,0,null
182159.418,DIGITAL_IN,ChoiceWallIR,0,null
182171.412,DIGITAL_IN,ChoiceWallIR,-1,null
182187.404,DIGITAL_IN,ChoiceWallIR,0,null
182315.344,DIGITAL_IN,TrayWallIR,-1,null
183246.908,DIGITAL_IN,TrayWallIR,0,null
183258.903,DIGITAL_IN,ChoiceWallIR,-1,null
183270.897,DIGITAL_IN,ChoiceWallIR,0,null
183402.836,DIGITAL_IN,TrayWallIR,-1,null
183446.815,DIGITAL_IN,TrayWallIR,0,null
183738.678,DIGITAL_IN,TrayWallIR,-1,null
184102.508,DIGITAL_IN,TrayWallIR,0,null
184334.4,DIGITAL_IN,TrayWallIR,-1,null
184398.37,DIGITAL_IN,TrayWallIR,0,null
184494.325,DIGITAL_IN,TrayWallIR,-1,null
184766.198,DIGITAL_IN,TrayWallIR,0,null
184802.181,DIGITAL_IN,TrayWallIR,-1,null
184818.173,DIGITAL_IN,TrayWallIR,0,null
185006.085,DIGITAL_IN,TrayWallIR,-1,null
185130.027,DIGITAL_IN,TrayWallIR,0,null
185174.007,DIGITAL_IN,ChoiceWallIR,-1,null
185309.943,DIGITAL_IN,TrayWallIR,-1,null
185333.932,DIGITAL_IN,TrayWallIR,0,null
185337.931,DIGITAL_IN,TrayWallIR,-1,null
185361.919,DIGITAL_IN,TrayWallIR,0,null
186041.601,DIGITAL_IN,TrayWallIR,-1,null
186065.59,DIGITAL_IN,TrayWallIR,0,null
186165.543,DIGITAL_IN,TrayWallIR,-1,null
186181.535,DIGITAL_IN,TrayWallIR,0,null
187601.871,DIGITAL_IN,ChoiceWallIR,0,null
187697.826,DIGITAL_IN,TrayWallIR,-1,null
188925.251,DIGITAL_IN,TrayWallIR,0,null
189636.918,DIGITAL_IN,TrayWallIR,-1,null
189696.89,DIGITAL_IN,TrayWallIR,0,null
189748.866,DIGITAL_IN,TrayWallIR,-1,null
189792.845,DIGITAL_IN,TrayWallIR,0,null
191252.163,DIGITAL_IN,ChoiceWallIR,-1,null
191496.048,DIGITAL_IN,TrayWallIR,-1,null
191600.0,DIGITAL_IN,TrayWallIR,0,null
191615.992,DIGITAL_IN,TrayWallIR,-1,null
191763.923,DIGITAL_IN,TrayWallIR,0,null
191807.902,DIGITAL_IN,TrayWallIR,-1,null
191859.878,DIGITAL_IN,TrayWallIR,0,null
191903.858,DIGITAL_IN,TrayWallIR,-1,null
191959.831,DIGITAL_IN,TrayWallIR,0,null
192003.811,DIGITAL_IN,TrayWallIR,-1,null
192031.798,DIGITAL_IN,TrayWallIR,0,null
196082.902,DIGITAL_IN,ChoiceWallIR,0,null
197990.01,DIGITAL_IN,ChoiceWallIR,-1,null
200009.065,DIGITAL_IN,ChoiceWallIR,0,null
200097.024,DIGITAL_IN,ChoiceWallIR,-1,null
200105.02,DIGITAL_IN,ChoiceWallIR,0,null
201813.221,DIGITAL_IN,ChoiceWallIR,-1,null
202836.458,PROGRAMMATIC,PITimerEvent,-1,null
202836.458,ALWAYS,ITI,-1,null
202904.71,DIGITAL_IN,Hole5NP,-1,null
203072.631,DIGITAL_IN,Hole5NP,0,null
203380.487,DIGITAL_IN,ChoiceWallIR,0,null
203712.332,DIGITAL_IN,TrayWallIR,-1,null
205495.498,DIGITAL_IN,ChoiceWallIR,-1,null
205595.451,DIGITAL_IN,ChoiceWallIR,0,null
205611.444,DIGITAL_IN,ChoiceWallIR,-1,null
206143.195,DIGITAL_IN,TrayReport,0,null
206147.194,DIGITAL_IN,TrayReport,-1,null
206159.187,DIGITAL_IN,ChoiceWallIR,0,null
206303.12,DIGITAL_IN,ChoiceWallIR,-1,null
206475.039,DIGITAL_IN,ChoiceWallIR,0,null
206515.021,DIGITAL_IN,ChoiceWallIR,-1,null
206570.994,DIGITAL_IN,ChoiceWallIR,0,null
206698.935,DIGITAL_IN,ChoiceWallIR,-1,null
206714.927,DIGITAL_IN,ChoiceWallIR,0,null
207819.41,DIGITAL_IN,TrayWallIR,0,null
207887.379,DIGITAL_IN,TrayWallIR,-1,null
207943.352,DIGITAL_IN,TrayWallIR,0,null
208211.227,DIGITAL_IN,ChoiceWallIR,-1,null
209186.77,DIGITAL_IN,TrayWallIR,-1,null
209214.758,DIGITAL_IN,TrayWallIR,0,null
209674.542,DIGITAL_IN,TrayWallIR,-1,null
209714.523,DIGITAL_IN,TrayWallIR,0,null
209862.454,DIGITAL_IN,TrayWallIR,-1,null
209882.446,DIGITAL_IN,TrayWallIR,0,null
210030.376,DIGITAL_IN,TrayWallIR,-1,null
210142.323,DIGITAL_IN,TrayWallIR,0,null
210278.26,DIGITAL_IN,TrayWallIR,-1,null
210282.259,DIGITAL_IN,TrayWallIR,0,null
210590.114,DIGITAL_IN,TrayWallIR,-1,null
210678.072,DIGITAL_IN,TrayWallIR,0,null
211069.889,DIGITAL_IN,Hole4NP,-1,null
211233.813,DIGITAL_IN,Hole4NP,0,null
212933.017,DIGITAL_IN,ChoiceWallIR,0,null
213180.901,DIGITAL_IN,ChoiceWallIR,-1,null
213216.885,DIGITAL_IN,ChoiceWallIR,0,null
213260.864,DIGITAL_IN,TrayWallIR,-1,null
213669.673,DIGITAL_IN,ChoiceWallIR,-1,null
213705.656,DIGITAL_IN,ChoiceWallIR,0,null
213725.646,DIGITAL_IN,ChoiceWallIR,-1,null
213913.559,DIGITAL_IN,ChoiceWallIR,0,null
213917.558,DIGITAL_IN,TrayReport,0,null
213921.556,DIGITAL_IN,TrayReport,-1,null
214317.37,DIGITAL_IN,ChoiceWallIR,-1,null
214333.362,DIGITAL_IN,ChoiceWallIR,0,null
214449.308,DIGITAL_IN,ChoiceWallIR,-1,null
214489.289,DIGITAL_IN,ChoiceWallIR,0,null
214573.25,DIGITAL_IN,ChoiceWallIR,-1,null
214597.239,DIGITAL_IN,ChoiceWallIR,0,null
214693.194,DIGITAL_IN,ChoiceWallIR,-1,null
214701.19,DIGITAL_IN,ChoiceWallIR,0,null
218475.424,DIGITAL_IN,TrayWallIR,0,null
219498.945,DIGITAL_IN,ChoiceWallIR,-1,null
219570.911,DIGITAL_IN,ChoiceWallIR,0,null
222836.458,PROGRAMMATIC,ITITimerEvent,-1,null
223194.216,DIGITAL_IN,ChoiceWallIR,-1,null
223326.458,PROGRAMMATIC,RandITITimerEvent,-1,null
223326.458,PROGRAMMATIC,FIEvent,-1,null
223845.911,DIGITAL_IN,TrayWallIR,-1,null
223849.911,DIGITAL_IN,TrayWallIR,0,null
224073.804,DIGITAL_IN,TrayWallIR,-1,null
224085.799,DIGITAL_IN,TrayWallIR,0,null
224497.606,DIGITAL_IN,TrayWallIR,-1,null
224501.605,DIGITAL_IN,TrayWallIR,0,null
224521.595,DIGITAL_IN,TrayWallIR,-1,null
224525.594,DIGITAL_IN,TrayWallIR,0,null
225781.005,DIGITAL_IN,Hole5NP,-1,null
225820.987,DIGITAL_IN,Hole5NP,0,null
225968.917,DIGITAL_IN,Hole5NP,-1,null
226320.753,DIGITAL_IN,Hole5NP,0,null
227145.367,DIGITAL_IN,ChoiceWallIR,0,null
227417.24,DIGITAL_IN,TrayWallIR,-1,null
227909.01,DIGITAL_IN,ChoiceWallIR,-1,null
227925.002,DIGITAL_IN,ChoiceWallIR,0,null
227956.987,DIGITAL_IN,TrayWallIR,0,null
227976.978,DIGITAL_IN,ChoiceWallIR,-1,null
227988.973,DIGITAL_IN,ChoiceWallIR,0,null
228220.864,DIGITAL_IN,TrayWallIR,-1,null
228616.678,DIGITAL_IN,ChoiceWallIR,-1,null
228636.669,DIGITAL_IN,ChoiceWallIR,0,null
228772.606,DIGITAL_IN,ChoiceWallIR,-1,null
228776.605,DIGITAL_IN,ChoiceWallIR,0,null
228960.518,DIGITAL_IN,TrayWallIR,0,null
229204.404,DIGITAL_IN,TrayWallIR,-1,null
229612.213,DIGITAL_IN,TrayWallIR,0,null
229840.106,DIGITAL_IN,ChoiceWallIR,-1,null
230939.591,DIGITAL_IN,TrayWallIR,-1,null
230991.567,DIGITAL_IN,TrayWallIR,0,null
231419.367,DIGITAL_IN,TrayWallIR,-1,null
231499.33,DIGITAL_IN,TrayWallIR,0,null
231563.3,DIGITAL_IN,TrayWallIR,-1,null
231595.285,DIGITAL_IN,TrayWallIR,0,null
232746.746,DIGITAL_IN,Hole5NP,-1,null
232778.731,DIGITAL_IN,Hole5NP,0,null
233951.182,DIGITAL_IN,ChoiceWallIR,0,null
234075.124,DIGITAL_IN,ChoiceWallIR,-1,null
234095.115,DIGITAL_IN,ChoiceWallIR,0,null
236362.054,DIGITAL_IN,ChoiceWallIR,-1,null
236485.996,DIGITAL_IN,ChoiceWallIR,0,null
238165.212,DIGITAL_IN,ChoiceWallIR,-1,null
238189.2,DIGITAL_IN,ChoiceWallIR,0,null
238217.186,DIGITAL_IN,ChoiceWallIR,-1,null
238326.458,PROGRAMMATIC,FITimerEvent,-1,null
238569.021,DIGITAL_IN,ChoiceWallIR,0,null
242064.386,DIGITAL_IN,TrayWallIR,-1,null
242108.365,DIGITAL_IN,TrayWallIR,0,null
242116.362,DIGITAL_IN,ChoiceWallIR,-1,null
242148.346,DIGITAL_IN,ChoiceWallIR,0,null
242256.296,DIGITAL_IN,ChoiceWallIR,-1,null
242288.281,DIGITAL_IN,ChoiceWallIR,0,null
242328.263,DIGITAL_IN,ChoiceWallIR,-1,null
242328.263,DIGITAL_IN,TrayWallIR,-1,null
242360.247,DIGITAL_IN,ChoiceWallIR,0,null
249453.928,DIGITAL_IN,TrayWallIR,0,null
249473.919,DIGITAL_IN,TrayWallIR,-1,null
250169.593,DIGITAL_IN,TrayWallIR,0,null
250293.535,DIGITAL_IN,ChoiceWallIR,-1,null
250525.427,DIGITAL_IN,TrayWallIR,-1,null
250565.408,DIGITAL_IN,TrayWallIR,0,null
251532.955,DIGITAL_IN,Hole5NP,-1,null
251532.955,PROGRAMMATIC,Hole5Event,-1,null
251572.936,DIGITAL_IN,Hole5NP,0,null
251592.927,DIGITAL_IN,Hole5NP,-1,null
251848.807,DIGITAL_IN,Hole5NP,0,null
252732.955,PROGRAMMATIC,FeederTimerEvent,-1,null
252732.955,ALWAYS,ITI,-1,null
253293.132,DIGITAL_IN,ChoiceWallIR,0,null
253469.049,DIGITAL_IN,TrayWallIR,-1,null
261158.451,DIGITAL_IN,TrayReport,0,null
261170.446,DIGITAL_IN,TrayReport,-1,null
261462.309,DIGITAL_IN,TrayWallIR,0,null
261638.227,DIGITAL_IN,TrayWallIR,-1,null
261694.2,DIGITAL_IN,TrayWallIR,0,null
264201.027,DIGITAL_IN,TrayWallIR,-1,null
264376.945,DIGITAL_IN,TrayWallIR,0,null
264968.668,DIGITAL_IN,TrayWallIR,-1,null
264976.664,DIGITAL_IN,TrayWallIR,0,null
265180.569,DIGITAL_IN,TrayWallIR,-1,null
265828.266,DIGITAL_IN,TrayWallIR,0,null
266009.181,DIGITAL_IN,TrayWallIR,-1,null
266025.174,DIGITAL_IN,TrayWallIR,0,null
266049.163,DIGITAL_IN,TrayWallIR,-1,null
267280.586,DIGITAL_IN,TrayWallIR,0,null
267392.534,DIGITAL_IN,TrayWallIR,-1,null
267420.521,DIGITAL_IN,ChoiceWallIR,-1,null
267488.489,DIGITAL_IN,TrayWallIR,0,null
269055.756,DIGITAL_IN,Hole5NP,-1,null
269571.514,DIGITAL_IN,Hole5NP,0,null
271910.42,DIGITAL_IN,ChoiceWallIR,0,null
272030.364,DIGITAL_IN,TrayWallIR,-1,null
272082.339,DIGITAL_IN,TrayWallIR,0,null
272286.244,DIGITAL_IN,ChoiceWallIR,-1,null
272394.193,DIGITAL_IN,ChoiceWallIR,0,null
272547.122,DIGITAL_IN,ChoiceWallIR,-1,null
272567.113,DIGITAL_IN,ChoiceWallIR,0,null
272583.105,DIGITAL_IN,TrayWallIR,-1,null
272667.066,DIGITAL_IN,ChoiceWallIR,-1,null
272683.058,DIGITAL_IN,ChoiceWallIR,0,null
272732.955,PROGRAMMATIC,ITITimerEvent,-1,null
272759.023,DIGITAL_IN,ChoiceWallIR,-1,null
272779.013,DIGITAL_IN,ChoiceWallIR,0,null
272846.982,DIGITAL_IN,ChoiceWallIR,-1,null
272906.954,DIGITAL_IN,ChoiceWallIR,0,null
272990.914,DIGITAL_IN,ChoiceWallIR,-1,null
272998.911,DIGITAL_IN,ChoiceWallIR,0,null
273106.86,DIGITAL_IN,ChoiceWallIR,-1,null
273154.838,DIGITAL_IN,ChoiceWallIR,0,null
273182.824,DIGITAL_IN,ChoiceWallIR,-1,null
273282.778,DIGITAL_IN,ChoiceWallIR,0,null
273570.643,DIGITAL_IN,ChoiceWallIR,-1,null
273590.634,DIGITAL_IN,ChoiceWallIR,0,null
273930.475,DIGITAL_IN,TrayReport,0,null
273934.474,DIGITAL_IN,TrayReport,-1,null
274092.955,PROGRAMMATIC,RandITITimerEvent,-1,null
274092.955,PROGRAMMATIC,FIEvent,-1,null
274130.381,DIGITAL_IN,TrayWallIR,0,null
275253.855,DIGITAL_IN,TrayWallIR,-1,null
275353.809,DIGITAL_IN,TrayWallIR,0,null
275369.801,DIGITAL_IN,TrayWallIR,-1,null
275569.708,DIGITAL_IN,TrayWallIR,0,null
275625.681,DIGITAL_IN,TrayWallIR,-1,null
275653.668,DIGITAL_IN,TrayWallIR,0,null
276153.434,DIGITAL_IN,TrayWallIR,-1,null
276233.397,DIGITAL_IN,TrayWallIR,0,null
276273.378,DIGITAL_IN,TrayWallIR,-1,null
276277.377,DIGITAL_IN,ChoiceWallIR,-1,null
276297.367,DIGITAL_IN,TrayWallIR,0,null
276849.109,DIGITAL_IN,Hole5NP,-1,null
277148.969,DIGITAL_IN,Hole5NP,0,null
278120.514,DIGITAL_IN,Hole5NP,-1,null
278356.404,DIGITAL_IN,Hole5NP,0,null
279085.063,DIGITAL_IN,ChoiceWallIR,0,null
289092.955,PROGRAMMATIC,FITimerEvent,-1,null
308751.181,DIGITAL_IN,ChoiceWallIR,-1,null
308779.168,DIGITAL_IN,ChoiceWallIR,0,null
308875.123,DIGITAL_IN,ChoiceWallIR,-1,null
311774.766,DIGITAL_IN,ChoiceWallIR,0,null
311890.712,DIGITAL_IN,ChoiceWallIR,-1,null
311910.702,DIGITAL_IN,ChoiceWallIR,0,null
312950.216,DIGITAL_IN,ChoiceWallIR,-1,null
313350.029,DIGITAL_IN,Hole5NP,-1,null
313350.029,PROGRAMMATIC,Hole5Event,-1,null
313697.866,DIGITAL_IN,Hole5NP,0,null
314550.029,PROGRAMMATIC,FeederTimerEvent,-1,null
314550.029,ALWAYS,ITI,-1,null
314801.35,DIGITAL_IN,Hole4NP,-1,null
314857.324,DIGITAL_IN,Hole4NP,0,null
314885.311,DIGITAL_IN,Hole4NP,-1,null
315329.103,DIGITAL_IN,Hole4NP,0,null
316240.676,DIGITAL_IN,ChoiceWallIR,0,null
316620.499,DIGITAL_IN,TrayWallIR,-1,null
323842.119,DIGITAL_IN,TrayReport,0,null
323846.121,DIGITAL_IN,TrayReport,-1,null
324922.614,DIGITAL_IN,TrayReport,0,null
324926.614,DIGITAL_IN,TrayReport,-1,null
325010.573,DIGITAL_IN,TrayReport,0,null
325018.569,DIGITAL_IN,TrayReport,-1,null
325038.56,DIGITAL_IN,TrayReport,0,null
325042.559,DIGITAL_IN,TrayReport,-1,null
326038.092,DIGITAL_IN,TrayReport,0,null
326042.092,DIGITAL_IN,TrayReport,-1,null
326050.087,DIGITAL_IN,TrayReport,0,null
326054.088,DIGITAL_IN,TrayReport,-1,null
326545.854,DIGITAL_IN,TrayWallIR,0,null
326605.826,DIGITAL_IN,TrayWallIR,-1,null
326713.776,DIGITAL_IN,TrayWallIR,0,null
326841.716,DIGITAL_IN,TrayWallIR,-1,null
326849.712,DIGITAL_IN,TrayWallIR,0,null
327097.596,DIGITAL_IN,TrayWallIR,-1,null
327301.501,DIGITAL_IN,TrayWallIR,0,null
327557.381,DIGITAL_IN,TrayWallIR,-1,null
327577.372,DIGITAL_IN,TrayWallIR,0,null
332284.169,DIGITAL_IN,ChoiceWallIR,-1,null
333179.75,DIGITAL_IN,Hole6NP,-1,null
333203.739,DIGITAL_IN,Hole6NP,0,null
333275.705,DIGITAL_IN,Hole6NP,-1,null
333291.698,DIGITAL_IN,Hole6NP,0,null
333439.628,DIGITAL_IN,TrayWallIR,-1,null
333531.585,DIGITAL_IN,TrayWallIR,0,null
333559.572,DIGITAL_IN,TrayWallIR,-1,null
333587.56,DIGITAL_IN,TrayWallIR,0,null
333795.462,DIGITAL_IN,Hole6NP,-1,null
333823.449,DIGITAL_IN,TrayWallIR,-1,null
333843.44,DIGITAL_IN,TrayWallIR,0,null
333971.38,DIGITAL_IN,TrayWallIR,-1,null
334019.357,DIGITAL_IN,TrayWallIR,0,null
334039.348,DIGITAL_IN,Hole6NP,0,null
334171.286,DIGITAL_IN,TrayWallIR,-1,null
334207.269,DIGITAL_IN,TrayWallIR,0,null
334550.029,PROGRAMMATIC,ITITimerEvent,-1,null
335166.82,DIGITAL_IN,TrayWallIR,-1,null
335250.781,DIGITAL_IN,TrayWallIR,0,null
335294.76,DIGITAL_IN,TrayWallIR,-1,null
335326.745,DIGITAL_IN,TrayWallIR,0,null
335398.712,DIGITAL_IN,TrayWallIR,-1,null
335414.704,DIGITAL_IN,TrayWallIR,0,null
335418.703,DIGITAL_IN,Hole5NP,-1,null
335458.684,DIGITAL_IN,TrayWallIR,-1,null
335470.678,DIGITAL_IN,Hole5NP,0,null
335486.67,DIGITAL_IN,TrayWallIR,0,null
335490.67,DIGITAL_IN,Hole5NP,-1,null
335514.657,DIGITAL_IN,TrayWallIR,-1,null
335558.637,DIGITAL_IN,Hole5NP,0,null
335570.631,DIGITAL_IN,TrayWallIR,0,null
336410.238,DIGITAL_IN,Hole5NP,-1,null
336554.171,DIGITAL_IN,Hole5NP,0,null
337140.029,PROGRAMMATIC,RandITITimerEvent,-1,null
337140.029,PROGRAMMATIC,PIEvent,-1,null
337261.84,DIGITAL_IN,Hole4NP,-1,null
337701.634,DIGITAL_IN,Hole4NP,0,null
338510.256,DIGITAL_IN,TrayWallIR,-1,null
338514.255,DIGITAL_IN,TrayWallIR,0,null
339605.743,DIGITAL_IN,Hole5NP,-1,null
340013.552,DIGITAL_IN,Hole5NP,0,null
340757.204,DIGITAL_IN,ChoiceWallIR,0,null
340809.18,DIGITAL_IN,TrayWallIR,-1,null
340813.179,DIGITAL_IN,TrayWallIR,0,null
340901.137,DIGITAL_IN,TrayWallIR,-1,null
340909.133,DIGITAL_IN,TrayWallIR,0,null
342196.531,DIGITAL_IN,TrayWallIR,-1,null
342800.248,DIGITAL_IN,ChoiceWallIR,-1,null
342872.215,DIGITAL_IN,ChoiceWallIR,0,null
343104.106,DIGITAL_IN,ChoiceWallIR,-1,null
343136.091,DIGITAL_IN,ChoiceWallIR,0,null
343212.056,DIGITAL_IN,ChoiceWallIR,-1,null
343232.046,DIGITAL_IN,ChoiceWallIR,0,null
343300.014,DIGITAL_IN,TrayWallIR,0,null
343308.011,DIGITAL_IN,TrayWallIR,-1,null
343328.003,DIGITAL_IN,TrayWallIR,0,null
344744.338,DIGITAL_IN,ChoiceWallIR,-1,null
344972.232,DIGITAL_IN,TrayWallIR,-1,null
345012.213,DIGITAL_IN,TrayWallIR,0,null
345236.108,DIGITAL_IN,TrayWallIR,-1,null
345256.099,DIGITAL_IN,TrayWallIR,0,null
345495.987,DIGITAL_IN,TrayWallIR,-1,null
345627.925,DIGITAL_IN,TrayWallIR,0,null
345727.878,DIGITAL_IN,Hole4NP,-1,null
346967.298,DIGITAL_IN,Hole4NP,0,null
347179.199,DIGITAL_IN,Hole4NP,-1,null
347455.07,DIGITAL_IN,Hole4NP,0,null
350037.862,DIGITAL_IN,Hole6NP,-1,null
351462.195,DIGITAL_IN,Hole6NP,0,null
352381.765,DIGITAL_IN,TrayWallIR,-1,null
352385.765,DIGITAL_IN,TrayWallIR,0,null
353565.211,DIGITAL_IN,ChoiceWallIR,0,null
353665.164,DIGITAL_IN,TrayWallIR,-1,null
354428.807,DIGITAL_IN,TrayWallIR,0,null
354524.762,DIGITAL_IN,TrayWallIR,-1,null
354540.754,DIGITAL_IN,TrayWallIR,0,null
354828.62,DIGITAL_IN,TrayWallIR,-1,null
354844.613,DIGITAL_IN,TrayWallIR,0,null
354872.599,DIGITAL_IN,ChoiceWallIR,-1,null
354920.577,DIGITAL_IN,ChoiceWallIR,0,null
355336.382,DIGITAL_IN,ChoiceWallIR,-1,null
355360.371,DIGITAL_IN,ChoiceWallIR,0,null
355408.348,DIGITAL_IN,ChoiceWallIR,-1,null
355436.335,DIGITAL_IN,ChoiceWallIR,0,null
356008.068,DIGITAL_IN,ChoiceWallIR,-1,null
356084.032,DIGITAL_IN,ChoiceWallIR,0,null
356355.905,DIGITAL_IN,TrayWallIR,-1,null
356755.718,DIGITAL_IN,TrayWallIR,0,null
356903.649,DIGITAL_IN,TrayWallIR,-1,null
357816.222,DIGITAL_IN,ChoiceWallIR,-1,null
357824.218,DIGITAL_IN,ChoiceWallIR,0,null
357844.209,DIGITAL_IN,ChoiceWallIR,-1,null
357852.205,DIGITAL_IN,ChoiceWallIR,0,null
358407.945,DIGITAL_IN,ChoiceWallIR,-1,null
358415.941,DIGITAL_IN,ChoiceWallIR,0,null
358431.934,DIGITAL_IN,ChoiceWallIR,-1,null
358435.933,DIGITAL_IN,ChoiceWallIR,0,null
359903.245,DIGITAL_IN,TrayWallIR,0,null
361382.553,DIGITAL_IN,ChoiceWallIR,-1,null
361870.325,DIGITAL_IN,TrayWallIR,-1,null
361966.28,DIGITAL_IN,TrayWallIR,0,null
362054.239,DIGITAL_IN,TrayWallIR,-1,null
362090.223,DIGITAL_IN,TrayWallIR,0,null
363121.739,DIGITAL_IN,Hole4NP,-1,null
363305.653,DIGITAL_IN,Hole4NP,0,null
363601.515,DIGITAL_IN,ChoiceWallIR,0,null
363621.505,DIGITAL_IN,TrayWallIR,-1,null
363629.502,DIGITAL_IN,TrayWallIR,0,null
363938.357,DIGITAL_IN,TrayWallIR,-1,null
364538.076,DIGITAL_IN,TrayReport,0,null
364542.076,DIGITAL_IN,TrayReport,-1,null
364849.93,DIGITAL_IN,TrayWallIR,0,null
365817.478,DIGITAL_IN,ChoiceWallIR,-1,null
366101.345,DIGITAL_IN,TrayWallIR,-1,null
366165.315,DIGITAL_IN,TrayWallIR,0,null
366689.07,DIGITAL_IN,Hole5NP,-1,null
366701.065,DIGITAL_IN,Hole5NP,0,null
366781.027,DIGITAL_IN,TrayWallIR,-1,null
366797.019,DIGITAL_IN,TrayWallIR,0,null
368204.361,DIGITAL_IN,Hole5NP,-1,null
368676.14,DIGITAL_IN,Hole5NP,0,null
369047.966,DIGITAL_IN,ChoiceWallIR,0,null
369135.925,DIGITAL_IN,TrayWallIR,-1,null
369163.912,DIGITAL_IN,TrayWallIR,0,null
369539.736,DIGITAL_IN,TrayWallIR,-1,null
369551.73,DIGITAL_IN,TrayWallIR,0,null
369627.695,DIGITAL_IN,TrayWallIR,-1,null
370940.081,DIGITAL_IN,TrayWallIR,0,null
371403.864,DIGITAL_IN,ChoiceWallIR,-1,null
371499.819,DIGITAL_IN,TrayWallIR,-1,null
371503.818,DIGITAL_IN,TrayWallIR,0,null
371911.626,DIGITAL_IN,TrayWallIR,-1,null
371927.619,DIGITAL_IN,TrayWallIR,0,null
371983.592,DIGITAL_IN,TrayWallIR,-1,null
372047.562,DIGITAL_IN,Hole5NP,-1,null
372071.551,DIGITAL_IN,TrayWallIR,0,null
372079.547,DIGITAL_IN,Hole5NP,0,null
372103.536,DIGITAL_IN,TrayWallIR,-1,null
372119.529,DIGITAL_IN,TrayWallIR,0,null
372487.357,DIGITAL_IN,Hole4NP,-1,null
372539.332,DIGITAL_IN,Hole4NP,0,null
373930.681,DIGITAL_IN,ChoiceWallIR,0,null
374234.539,DIGITAL_IN,TrayWallIR,-1,null
374826.262,DIGITAL_IN,TrayWallIR,0,null
374986.187,DIGITAL_IN,TrayWallIR,-1,null
375489.952,DIGITAL_IN,TrayWallIR,0,null
382140.029,PROGRAMMATIC,PITimerEvent,-1,null
382140.029,ALWAYS,ITI,-1,null
383544.183,DIGITAL_IN,ChoiceWallIR,-1,null
384071.936,DIGITAL_IN,TrayWallIR,-1,null
384111.917,DIGITAL_IN,TrayWallIR,0,null
384255.85,DIGITAL_IN,TrayWallIR,-1,null
384303.827,DIGITAL_IN,TrayWallIR,0,null
384375.794,DIGITAL_IN,TrayWallIR,-1,null
384391.786,DIGITAL_IN,TrayWallIR,0,null
384639.671,DIGITAL_IN,TrayWallIR,-1,null
384655.663,DIGITAL_IN,TrayWallIR,0,null
384915.541,DIGITAL_IN,TrayWallIR,-1,null
384947.526,DIGITAL_IN,TrayWallIR,0,null
386930.598,DIGITAL_IN,ChoiceWallIR,0,null
389705.3,DIGITAL_IN,ChoiceWallIR,-1,null
389765.272,DIGITAL_IN,ChoiceWallIR,0,null
391361.525,DIGITAL_IN,ChoiceWallIR,-1,null
391533.445,DIGITAL_IN,ChoiceWallIR,0,null
391817.312,DIGITAL_IN,ChoiceWallIR,-1,null
393980.299,DIGITAL_IN,ChoiceWallIR,0,null
395623.53,DIGITAL_IN,ChoiceWallIR,-1,null
395691.499,DIGITAL_IN,ChoiceWallIR,0,null
396211.255,DIGITAL_IN,ChoiceWallIR,-1,null
399062.921,DIGITAL_IN,ChoiceWallIR,0,null
399150.88,DIGITAL_IN,TrayWallIR,-1,null
399354.785,DIGITAL_IN,TrayReport,0,null
399366.779,DIGITAL_IN,TrayReport,-1,null
399426.751,DIGITAL_IN,ChoiceWallIR,-1,null
399442.743,DIGITAL_IN,ChoiceWallIR,0,null
399470.73,DIGITAL_IN,ChoiceWallIR,-1,null
399486.723,DIGITAL_IN,ChoiceWallIR,0,null
399750.599,DIGITAL_IN,ChoiceWallIR,-1,null
399766.592,DIGITAL_IN,ChoiceWallIR,0,null
399866.545,DIGITAL_IN,ChoiceWallIR,-1,null
399878.539,DIGITAL_IN,ChoiceWallIR,0,null
400594.205,DIGITAL_IN,ChoiceWallIR,-1,null
400610.197,DIGITAL_IN,ChoiceWallIR,0,null
400630.188,DIGITAL_IN,ChoiceWallIR,-1,null
400646.18,DIGITAL_IN,ChoiceWallIR,0,null
400846.087,DIGITAL_IN,ChoiceWallIR,-1,null
400906.059,DIGITAL_IN,ChoiceWallIR,0,null
400962.032,DIGITAL_IN,ChoiceWallIR,-1,null
400982.023,DIGITAL_IN,ChoiceWallIR,0,null
401313.868,DIGITAL_IN,ChoiceWallIR,-1,null
401369.842,DIGITAL_IN,ChoiceWallIR,0,null
401617.726,DIGITAL_IN,ChoiceWallIR,-1,null
401725.675,DIGITAL_IN,ChoiceWallIR,0,null
402140.029,PROGRAMMATIC,ITITimerEvent,-1,null
402229.439,DIGITAL_IN,ChoiceWallIR,-1,null
402345.385,DIGITAL_IN,ChoiceWallIR,0,null
402753.194,DIGITAL_IN,TrayWallIR,0,null
402957.099,DIGITAL_IN,TrayWallIR,-1,null
402961.098,DIGITAL_IN,TrayWallIR,0,null
404353.446,DIGITAL_IN,TrayWallIR,-1,null
404953.165,DIGITAL_IN,TrayWallIR,0,null
405089.101,DIGITAL_IN,TrayWallIR,-1,null
405093.101,DIGITAL_IN,TrayWallIR,0,null
406063.029,PROGRAMMATIC,RandITITimerEvent,-1,null
406063.029,PROGRAMMATIC,FIEvent,-1,null
407887.792,DIGITAL_IN,TrayWallIR,-1,null
411203.24,DIGITAL_IN,TrayWallIR,0,null
411239.223,DIGITAL_IN,TrayWallIR,-1,null
411251.218,DIGITAL_IN,TrayWallIR,0,null
411335.178,DIGITAL_IN,ChoiceWallIR,-1,null
419740.245,DIGITAL_IN,ChoiceWallIR,0,null
419852.193,DIGITAL_IN,TrayWallIR,-1,null
420499.89,DIGITAL_IN,TrayWallIR,0,null
420759.768,DIGITAL_IN,TrayWallIR,-1,null
420951.679,DIGITAL_IN,TrayWallIR,0,null
421063.029,PROGRAMMATIC,FITimerEvent,-1,null
421399.469,DIGITAL_IN,TrayWallIR,-1,null
421523.411,DIGITAL_IN,TrayWallIR,0,null
421579.385,DIGITAL_IN,TrayWallIR,-1,null
421591.379,DIGITAL_IN,TrayWallIR,0,null
421947.213,DIGITAL_IN,ChoiceWallIR,-1,null
421955.209,DIGITAL_IN,ChoiceWallIR,0,null
422187.1,DIGITAL_IN,ChoiceWallIR,-1,null
422383.009,DIGITAL_IN,ChoiceWallIR,0,null
422418.992,DIGITAL_IN,ChoiceWallIR,-1,null
423339.561,DIGITAL_IN,TrayWallIR,-1,null
423439.514,DIGITAL_IN,TrayWallIR,0,null
424099.206,DIGITAL_IN,TrayWallIR,-1,null
424115.198,DIGITAL_IN,TrayWallIR,0,null
424363.082,DIGITAL_IN,ChoiceWallIR,0,null
424542.998,DIGITAL_IN,ChoiceWallIR,-1,null
425246.669,DIGITAL_IN,Hole5NP,-1,null
425246.669,PROGRAMMATIC,Hole5Event,-1,null
425282.652,DIGITAL_IN,Hole5NP,0,null
425310.639,DIGITAL_IN,Hole5NP,-1,null
425562.521,DIGITAL_IN,Hole5NP,0,null
425814.404,DIGITAL_IN,Hole4NP,-1,null
425898.364,DIGITAL_IN,Hole4NP,0,null
426230.209,DIGITAL_IN,ChoiceWallIR,0,null
426446.669,PROGRAMMATIC,FeederTimerEvent,-1,null
426446.669,ALWAYS,ITI,-1,null
426578.046,DIGITAL_IN,TrayWallIR,-1,null
433175.958,DIGITAL_IN,TrayWallIR,0,null
433271.914,DIGITAL_IN,TrayWallIR,-1,null
433279.91,DIGITAL_IN,TrayWallIR,0,null
434207.476,DIGITAL_IN,TrayWallIR,-1,null
434959.124,DIGITAL_IN,TrayReport,0,null
434975.117,DIGITAL_IN,TrayReport,-1,null
435191.016,DIGITAL_IN,TrayWallIR,0,null
435462.888,DIGITAL_IN,TrayWallIR,-1,null
435482.879,DIGITAL_IN,TrayWallIR,0,null
435634.808,DIGITAL_IN,TrayWallIR,-1,null
435646.802,DIGITAL_IN,TrayWallIR,0,null
436339.478,DIGITAL_IN,TrayWallIR,-1,null
437211.07,DIGITAL_IN,TrayWallIR,0,null
437394.984,DIGITAL_IN,TrayWallIR,-1,null
438394.517,DIGITAL_IN,TrayWallIR,0,null
438462.485,DIGITAL_IN,TrayWallIR,-1,null
438778.337,DIGITAL_IN,TrayWallIR,0,null
438842.307,DIGITAL_IN,ChoiceWallIR,-1,null
438946.258,DIGITAL_IN,ChoiceWallIR,0,null
438966.249,DIGITAL_IN,TrayWallIR,-1,null
438998.234,DIGITAL_IN,ChoiceWallIR,-1,null
439014.227,DIGITAL_IN,TrayWallIR,0,null
441261.175,DIGITAL_IN,Hole4NP,-1,null
441413.104,DIGITAL_IN,Hole4NP,0,null
441505.061,DIGITAL_IN,Hole4NP,-1,null
442072.795,DIGITAL_IN,Hole4NP,0,null
442657.522,DIGITAL_IN,TrayWallIR,-1,null
442697.503,DIGITAL_IN,TrayWallIR,0,null
442757.475,DIGITAL_IN,TrayWallIR,-1,null
442793.458,DIGITAL_IN,TrayWallIR,0,null
442941.389,DIGITAL_IN,TrayWallIR,-1,null
443045.34,DIGITAL_IN,TrayWallIR,0,null
443069.329,DIGITAL_IN,TrayWallIR,-1,null
443133.299,DIGITAL_IN,TrayWallIR,0,null
443153.29,DIGITAL_IN,TrayWallIR,-1,null
443205.265,DIGITAL_IN,TrayWallIR,0,null
443341.202,DIGITAL_IN,TrayWallIR,-1,null
443361.193,DIGITAL_IN,TrayWallIR,0,null
443425.163,DIGITAL_IN,TrayWallIR,-1,null
443453.149,DIGITAL_IN,TrayWallIR,0,null
443517.12,DIGITAL_IN,TrayWallIR,-1,null
443533.112,DIGITAL_IN,TrayWallIR,0,null
444320.743,DIGITAL_IN,TrayWallIR,-1,null
444332.738,DIGITAL_IN,TrayWallIR,0,null
444348.73,DIGITAL_IN,TrayWallIR,-1,null
444376.717,DIGITAL_IN,TrayWallIR,0,null
444900.472,DIGITAL_IN,Hole6NP,-1,null
444952.448,DIGITAL_IN,Hole6NP,0,null
446446.669,PROGRAMMATIC,ITITimerEvent,-1,null
446691.634,DIGITAL_IN,ChoiceWallIR,0,null
446895.539,DIGITAL_IN,ChoiceWallIR,-1,null
446943.516,DIGITAL_IN,TrayWallIR,-1,null
446963.507,DIGITAL_IN,ChoiceWallIR,0,null
447015.482,DIGITAL_IN,TrayWallIR,0,null
450175.004,DIGITAL_IN,ChoiceWallIR,-1,null
450246.97,DIGITAL_IN,ChoiceWallIR,0,null
450450.875,DIGITAL_IN,ChoiceWallIR,-1,null
450458.871,DIGITAL_IN,ChoiceWallIR,0,null
450482.86,DIGITAL_IN,TrayWallIR,-1,null
451134.555,DIGITAL_IN,TrayWallIR,0,null
451182.533,DIGITAL_IN,ChoiceWallIR,-1,null
451250.501,DIGITAL_IN,ChoiceWallIR,0,null
451426.419,DIGITAL_IN,TrayWallIR,-1,null
451462.402,DIGITAL_IN,TrayWallIR,0,null
451514.377,DIGITAL_IN,ChoiceWallIR,-1,null
451534.368,DIGITAL_IN,ChoiceWallIR,0,null
451614.331,DIGITAL_IN,ChoiceWallIR,-1,null
451626.325,DIGITAL_IN,ChoiceWallIR,0,null
451714.669,PROGRAMMATIC,RandITITimerEvent,-1,null
451714.669,PROGRAMMATIC,FIEvent,-1,null
451738.273,DIGITAL_IN,ChoiceWallIR,-1,null
451746.269,DIGITAL_IN,ChoiceWallIR,0,null
452441.943,DIGITAL_IN,ChoiceWallIR,-1,null
452981.691,DIGITAL_IN,Hole4NP,-1,null
452997.683,DIGITAL_IN,Hole4NP,0,null
453101.635,DIGITAL_IN,TrayWallIR,-1,null
453133.62,DIGITAL_IN,TrayWallIR,0,null
453241.57,DIGITAL_IN,TrayWallIR,-1,null
453269.556,DIGITAL_IN,TrayWallIR,0,null
453393.498,DIGITAL_IN,TrayWallIR,-1,null
453433.479,DIGITAL_IN,TrayWallIR,0,null
453453.47,DIGITAL_IN,TrayWallIR,-1,null
453461.466,DIGITAL_IN,TrayWallIR,0,null
453605.399,DIGITAL_IN,TrayWallIR,-1,null
453617.393,DIGITAL_IN,TrayWallIR,0,null
453633.386,DIGITAL_IN,TrayWallIR,-1,null
453637.385,DIGITAL_IN,TrayWallIR,0,null
453753.33,DIGITAL_IN,TrayWallIR,-1,null
453765.324,DIGITAL_IN,TrayWallIR,0,null
453785.315,DIGITAL_IN,Hole5NP,-1,null
453929.247,DIGITAL_IN,TrayWallIR,-1,null
453953.236,DIGITAL_IN,TrayWallIR,0,null
454017.206,DIGITAL_IN,TrayWallIR,-1,null
454045.193,DIGITAL_IN,TrayWallIR,0,null
454101.167,DIGITAL_IN,TrayWallIR,-1,null
454141.148,DIGITAL_IN,TrayWallIR,0,null
454233.105,DIGITAL_IN,Hole5NP,0,null
454249.101,DIGITAL_IN,Hole5NP,-1,null
454285.081,DIGITAL_IN,TrayWallIR,-1,null
454285.081,DIGITAL_IN,Hole5NP,0,null
454345.053,DIGITAL_IN,TrayWallIR,0,null
454385.034,DIGITAL_IN,TrayWallIR,-1,null
454504.978,DIGITAL_IN,TrayWallIR,0,null
454548.957,DIGITAL_IN,TrayWallIR,-1,null
454576.944,DIGITAL_IN,TrayWallIR,0,null
454624.922,DIGITAL_IN,TrayWallIR,-1,null
454684.894,DIGITAL_IN,TrayWallIR,0,null
454724.875,DIGITAL_IN,TrayWallIR,-1,null
454740.868,DIGITAL_IN,TrayWallIR,0,null
454748.864,DIGITAL_IN,Hole5NP,-1,null
454780.849,DIGITAL_IN,TrayWallIR,-1,null
454792.843,DIGITAL_IN,Hole5NP,0,null
454800.839,DIGITAL_IN,TrayWallIR,0,null
454824.828,DIGITAL_IN,TrayWallIR,-1,null
455136.683,DIGITAL_IN,TrayWallIR,0,null
455184.66,DIGITAL_IN,TrayWallIR,-1,null
455216.645,DIGITAL_IN,TrayWallIR,0,null
455537.495,DIGITAL_IN,Hole4NP,-1,null
455637.448,DIGITAL_IN,TrayWallIR,-1,null
455657.439,DIGITAL_IN,TrayWallIR,0,null
455709.414,DIGITAL_IN,TrayWallIR,-1,null
455769.386,DIGITAL_IN,Hole4NP,0,null
455777.383,DIGITAL_IN,TrayWallIR,0,null
456525.033,DIGITAL_IN,TrayWallIR,-1,null
456553.02,DIGITAL_IN,TrayWallIR,0,null
456844.883,DIGITAL_IN,Hole5NP,-1,null
456880.866,DIGITAL_IN,Hole5NP,0,null
456896.859,DIGITAL_IN,TrayWallIR,-1,null
456916.849,DIGITAL_IN,Hole5NP,-1,null
456928.844,DIGITAL_IN,TrayWallIR,0,null
456964.827,DIGITAL_IN,Hole5NP,0,null
456976.821,DIGITAL_IN,TrayWallIR,-1,null
457108.76,DIGITAL_IN,Hole5NP,-1,null
457164.733,DIGITAL_IN,Hole5NP,0,null
457224.705,DIGITAL_IN,Hole5NP,-1,null
457364.64,DIGITAL_IN,TrayWallIR,0,null
457368.64,DIGITAL_IN,Hole5NP,0,null
457460.595,DIGITAL_IN,TrayWallIR,-1,null
457484.584,DIGITAL_IN,TrayWallIR,0,null
457532.561,DIGITAL_IN,TrayWallIR,-1,null
457556.55,DIGITAL_IN,TrayWallIR,0,null
457940.37,DIGITAL_IN,TrayWallIR,-1,null
458132.281,DIGITAL_IN,TrayWallIR,0,null
458184.256,DIGITAL_IN,TrayWallIR,-1,null
458288.208,DIGITAL_IN,TrayWallIR,0,null
458308.198,DIGITAL_IN,TrayWallIR,-1,null
458400.155,DIGITAL_IN,TrayWallIR,0,null
458560.08,DIGITAL_IN,ChoiceWallIR,0,null
458931.906,DIGITAL_IN,TrayWallIR,-1,null
458955.895,DIGITAL_IN,TrayWallIR,0,null
459315.727,DIGITAL_IN,TrayWallIR,-1,null
459491.645,DIGITAL_IN,TrayReport,0,null
459495.644,DIGITAL_IN,TrayReport,-1,null
460183.321,DIGITAL_IN,TrayWallIR,0,null
461094.894,DIGITAL_IN,TrayWallIR,-1,null
461098.894,DIGITAL_IN,TrayWallIR,0,null
461110.887,DIGITAL_IN,ChoiceWallIR,-1,null
461318.79,DIGITAL_IN,TrayWallIR,-1,null
461326.786,DIGITAL_IN,TrayWallIR,0,null
462071.437,DIGITAL_IN,Hole5NP,-1,null
462423.273,DIGITAL_IN,Hole5NP,0,null
462707.14,DIGITAL_IN,TrayWallIR,-1,null
462715.136,DIGITAL_IN,TrayWallIR,0,null
462767.112,DIGITAL_IN,TrayWallIR,-1,null
462779.106,DIGITAL_IN,TrayWallIR,0,null
462815.089,DIGITAL_IN,TrayWallIR,-1,null
462831.082,DIGITAL_IN,TrayWallIR,0,null
462979.013,DIGITAL_IN,TrayWallIR,-1,null
463026.99,DIGITAL_IN,Hole4NP,-1,null
463034.986,DIGITAL_IN,TrayWallIR,0,null
463094.958,DIGITAL_IN,Hole4NP,0,null
463226.897,DIGITAL_IN,TrayWallIR,-1,null
463266.878,DIGITAL_IN,TrayWallIR,0,null
463314.856,DIGITAL_IN,TrayWallIR,-1,null
463338.844,DIGITAL_IN,TrayWallIR,0,null
463474.781,DIGITAL_IN,Hole4NP,-1,null
463482.777,DIGITAL_IN,Hole4NP,0,null
463502.768,DIGITAL_IN,Hole4NP,-1,null
463658.695,DIGITAL_IN,Hole4NP,0,null
463770.642,DIGITAL_IN,TrayWallIR,-1,null
463782.637,DIGITAL_IN,TrayWallIR,0,null
464202.44,DIGITAL_IN,TrayWallIR,-1,null
464206.439,DIGITAL_IN,TrayWallIR,0,null
464674.219,DIGITAL_IN,ChoiceWallIR,0,null
464782.169,DIGITAL_IN,TrayWallIR,-1,null
465633.771,DIGITAL_IN,TrayWallIR,0,null
465649.763,DIGITAL_IN,TrayWallIR,-1,null
465677.75,DIGITAL_IN,TrayWallIR,0,null
465685.746,DIGITAL_IN,ChoiceWallIR,-1,null
465701.739,DIGITAL_IN,ChoiceWallIR,0,null
466021.589,DIGITAL_IN,ChoiceWallIR,-1,null
466037.582,DIGITAL_IN,ChoiceWallIR,0,null
466561.336,DIGITAL_IN,ChoiceWallIR,-1,null
466714.669,PROGRAMMATIC,FITimerEvent,-1,null
467812.751,DIGITAL_IN,Hole5NP,-1,null
467812.751,PROGRAMMATIC,Hole5Event,-1,null
467848.734,DIGITAL_IN,Hole5NP,0,null
467876.721,DIGITAL_IN,Hole5NP,-1,null
468052.639,DIGITAL_IN,Hole5NP,0,null
468713.329,DIGITAL_IN,Hole5NP,-1,null
468821.279,DIGITAL_IN,Hole5NP,0,null
469012.751,PROGRAMMATIC,FeederTimerEvent,-1,null
469012.751,ALWAYS,ITI,-1,null
469029.182,DIGITAL_IN,Hole4NP,-1,null
470952.282,DIGITAL_IN,Hole4NP,0,null
471332.104,DIGITAL_IN,ChoiceWallIR,0,null
471731.917,DIGITAL_IN,TrayWallIR,-1,null
479553.257,DIGITAL_IN,TrayWallIR,0,null
480896.628,DIGITAL_IN,TrayWallIR,-1,null
481284.447,DIGITAL_IN,TrayReport,0,null
481300.439,DIGITAL_IN,TrayReport,-1,null
481713.246,DIGITAL_IN,TrayWallIR,0,null
482260.99,DIGITAL_IN,TrayWallIR,-1,null
482324.96,DIGITAL_IN,TrayWallIR,0,null
482588.837,DIGITAL_IN,TrayWallIR,-1,null
482764.754,DIGITAL_IN,TrayWallIR,0,null
483468.425,DIGITAL_IN,TrayWallIR,-1,null
483492.414,DIGITAL_IN,TrayWallIR,0,null
483540.392,DIGITAL_IN,TrayWallIR,-1,null
483564.38,DIGITAL_IN,TrayWallIR,0,null
483812.264,DIGITAL_IN,ChoiceWallIR,-1,null
483824.259,DIGITAL_IN,TrayWallIR,-1,null
483852.245,DIGITAL_IN,TrayWallIR,0,null
484124.118,DIGITAL_IN,TrayWallIR,-1,null
484136.113,DIGITAL_IN,TrayWallIR,0,null
484148.107,DIGITAL_IN,TrayWallIR,-1,null
484168.098,DIGITAL_IN,TrayWallIR,0,null
484200.083,DIGITAL_IN,TrayWallIR,-1,null
484228.07,DIGITAL_IN,TrayWallIR,0,null
484252.058,DIGITAL_IN,TrayWallIR,-1,null
484272.049,DIGITAL_IN,TrayWallIR,0,null
484895.757,DIGITAL_IN,TrayWallIR,-1,null
484931.74,DIGITAL_IN,TrayWallIR,0,null
484935.739,DIGITAL_IN,Hole6NP,-1,null
484947.733,DIGITAL_IN,TrayWallIR,-1,null
485007.705,DIGITAL_IN,TrayWallIR,0,null
485035.693,DIGITAL_IN,TrayWallIR,-1,null
485059.68,DIGITAL_IN,TrayWallIR,0,null
485087.667,DIGITAL_IN,TrayWallIR,-1,null
485111.656,DIGITAL_IN,TrayWallIR,0,null
485139.643,DIGITAL_IN,Hole6NP,0,null
485355.542,DIGITAL_IN,Hole6NP,-1,null
485435.505,DIGITAL_IN,TrayWallIR,-1,null
485463.491,DIGITAL_IN,TrayWallIR,0,null
485539.456,DIGITAL_IN,TrayWallIR,-1,null
485555.448,DIGITAL_IN,TrayWallIR,0,null
485603.426,DIGITAL_IN,TrayWallIR,-1,null
485639.409,DIGITAL_IN,TrayWallIR,0,null
485887.293,DIGITAL_IN,Hole6NP,0,null
486271.114,DIGITAL_IN,Hole6NP,-1,null
486283.108,DIGITAL_IN,Hole6NP,0,null
486435.037,DIGITAL_IN,Hole6NP,-1,null
486479.016,DIGITAL_IN,Hole6NP,0,null
487066.741,DIGITAL_IN,TrayWallIR,-1,null
487130.711,DIGITAL_IN,TrayWallIR,0,null
487410.58,DIGITAL_IN,TrayWallIR,-1,null
487430.571,DIGITAL_IN,TrayWallIR,0,null
487478.549,DIGITAL_IN,TrayWallIR,-1,null
487486.545,DIGITAL_IN,TrayWallIR,0,null
487578.502,DIGITAL_IN,TrayWallIR,-1,null
487590.496,DIGITAL_IN,TrayWallIR,0,null
487634.476,DIGITAL_IN,TrayWallIR,-1,null
487662.462,DIGITAL_IN,TrayWallIR,0,null
487814.391,DIGITAL_IN,TrayWallIR,-1,null
487838.38,DIGITAL_IN,TrayWallIR,0,null
488834.914,DIGITAL_IN,ChoiceWallIR,0,null
489012.751,PROGRAMMATIC,ITITimerEvent,-1,null
489350.673,DIGITAL_IN,TrayWallIR,-1,null
489406.646,DIGITAL_IN,ChoiceWallIR,-1,null
489422.639,DIGITAL_IN,ChoiceWallIR,0,null
489510.598,DIGITAL_IN,ChoiceWallIR,-1,null
489534.588,DIGITAL_IN,ChoiceWallIR,0,null
489702.508,DIGITAL_IN,ChoiceWallIR,-1,null
490090.326,DIGITAL_IN,ChoiceWallIR,0,null
490510.13,DIGITAL_IN,ChoiceWallIR,-1,null
490534.12,DIGITAL_IN,ChoiceWallIR,0,null
490702.04,DIGITAL_IN,ChoiceWallIR,-1,null
490722.031,DIGITAL_IN,ChoiceWallIR,0,null
490722.031,DIGITAL_IN,TrayWallIR,0,null
490829.98,DIGITAL_IN,ChoiceWallIR,-1,null
490833.98,DIGITAL_IN,ChoiceWallIR,0,null
491549.644,DIGITAL_IN,TrayWallIR,-1,null
491633.604,DIGITAL_IN,TrayWallIR,0,null
493756.611,DIGITAL_IN,ChoiceWallIR,-1,null
493800.59,DIGITAL_IN,ChoiceWallIR,0,null
493848.568,DIGITAL_IN,ChoiceWallIR,-1,null
498103.751,PROGRAMMATIC,RandITITimerEvent,-1,null
498103.751,PROGRAMMATIC,FIEvent,-1,null
513103.751,PROGRAMMATIC,FITimerEvent,-1,null
519316.65,DIGITAL_IN,ChoiceWallIR,0,null
519368.626,DIGITAL_IN,ChoiceWallIR,-1,null
519480.574,DIGITAL_IN,ChoiceWallIR,0,null
519520.555,DIGITAL_IN,ChoiceWallIR,-1,null
519808.42,DIGITAL_IN,ChoiceWallIR,0,null
519848.402,DIGITAL_IN,ChoiceWallIR,-1,null
519952.353,DIGITAL_IN,ChoiceWallIR,0,null
520000.331,DIGITAL_IN,ChoiceWallIR,-1,null
520156.258,DIGITAL_IN,ChoiceWallIR,0,null
520180.246,DIGITAL_IN,ChoiceWallIR,-1,null
521116.808,DIGITAL_IN,ChoiceWallIR,0,null
521152.791,DIGITAL_IN,ChoiceWallIR,-1,null
521188.774,DIGITAL_IN,ChoiceWallIR,0,null
525098.945,DIGITAL_IN,ChoiceWallIR,-1,null
525302.849,DIGITAL_IN,ChoiceWallIR,0,null
525318.842,DIGITAL_IN,ChoiceWallIR,-1,null
525402.803,DIGITAL_IN,ChoiceWallIR,0,null
525414.797,DIGITAL_IN,ChoiceWallIR,-1,null
526478.299,DIGITAL_IN,ChoiceWallIR,0,null
526510.284,DIGITAL_IN,ChoiceWallIR,-1,null
526638.224,DIGITAL_IN,ChoiceWallIR,0,null
526702.195,DIGITAL_IN,ChoiceWallIR,-1,null
526798.15,DIGITAL_IN,ChoiceWallIR,0,null
526862.12,DIGITAL_IN,ChoiceWallIR,-1,null
527610.769,DIGITAL_IN,ChoiceWallIR,0,null
527638.756,DIGITAL_IN,ChoiceWallIR,-1,null
527690.732,DIGITAL_IN,ChoiceWallIR,0,null
527742.708,DIGITAL_IN,ChoiceWallIR,-1,null
528162.511,DIGITAL_IN,ChoiceWallIR,0,null
529709.787,DIGITAL_IN,ChoiceWallIR,-1,null
529817.737,DIGITAL_IN,ChoiceWallIR,0,null
530085.611,DIGITAL_IN,ChoiceWallIR,-1,null
533756.893,DIGITAL_IN,ChoiceWallIR,0,null
533864.843,DIGITAL_IN,ChoiceWallIR,-1,null
533876.838,DIGITAL_IN,ChoiceWallIR,0,null
533972.792,DIGITAL_IN,ChoiceWallIR,-1,null
534244.665,DIGITAL_IN,ChoiceWallIR,0,null
534316.631,DIGITAL_IN,ChoiceWallIR,-1,null
534348.617,DIGITAL_IN,ChoiceWallIR,0,null
535092.269,DIGITAL_IN,ChoiceWallIR,-1,null
535180.227,DIGITAL_IN,ChoiceWallIR,0,null
535580.04,DIGITAL_IN,ChoiceWallIR,-1,null
535632.016,DIGITAL_IN,ChoiceWallIR,0,null
535656.005,DIGITAL_IN,ChoiceWallIR,-1,null
535679.993,DIGITAL_IN,ChoiceWallIR,0,null
536911.417,DIGITAL_IN,ChoiceWallIR,-1,null
538778.544,DIGITAL_IN,Hole4NP,-1,null
538790.538,DIGITAL_IN,Hole4NP,0,null
541726.164,DIGITAL_IN,ChoiceWallIR,0,null
542125.977,DIGITAL_IN,TrayWallIR,-1,null
543103.751,PROGRAMMATIC,TimeOutTimerEvent,-1,null
543103.751,ALWAYS,ITI,-1,null
544021.09,DIGITAL_IN,TrayWallIR,0,null
544340.941,DIGITAL_IN,ChoiceWallIR,-1,null
563103.751,PROGRAMMATIC,ITITimerEvent,-1,null
563738.864,DIGITAL_IN,ChoiceWallIR,0,null
564030.727,DIGITAL_IN,ChoiceWallIR,-1,null
564174.66,DIGITAL_IN,ChoiceWallIR,0,null
565434.751,PROGRAMMATIC,RandITITimerEvent,-1,null
565434.751,PROGRAMMATIC,FIEvent,-1,null
566097.76,DIGITAL_IN,ChoiceWallIR,-1,null
567522.094,DIGITAL_IN,ChoiceWallIR,0,null
567678.021,DIGITAL_IN,TrayWallIR,-1,null
567761.981,DIGITAL_IN,ChoiceWallIR,-1,null
567785.97,DIGITAL_IN,ChoiceWallIR,0,null
567853.938,DIGITAL_IN,ChoiceWallIR,-1,null
567865.933,DIGITAL_IN,ChoiceWallIR,0,null
568117.815,DIGITAL_IN,ChoiceWallIR,-1,null
568321.719,DIGITAL_IN,ChoiceWallIR,0,null
568565.605,DIGITAL_IN,ChoiceWallIR,-1,null
568609.585,DIGITAL_IN,ChoiceWallIR,0,null
568781.504,DIGITAL_IN,TrayWallIR,0,null
571336.309,DIGITAL_IN,TrayWallIR,-1,null
572103.95,DIGITAL_IN,ChoiceWallIR,-1,null
572111.946,DIGITAL_IN,ChoiceWallIR,0,null
572131.936,DIGITAL_IN,TrayWallIR,0,null
572491.768,DIGITAL_IN,ChoiceWallIR,-1,null
575239.482,DIGITAL_IN,ChoiceWallIR,0,null
575703.265,DIGITAL_IN,TrayWallIR,-1,null
575883.181,DIGITAL_IN,TrayWallIR,0,null
580206.158,DIGITAL_IN,TrayWallIR,-1,null
580222.151,DIGITAL_IN,TrayWallIR,0,null
580262.132,DIGITAL_IN,TrayWallIR,-1,null
580434.751,PROGRAMMATIC,FITimerEvent,-1,null
580565.99,DIGITAL_IN,TrayWallIR,0,null
580581.982,DIGITAL_IN,TrayWallIR,-1,null
580797.881,DIGITAL_IN,ChoiceWallIR,-1,null
580889.838,DIGITAL_IN,TrayWallIR,0,null
581337.629,DIGITAL_IN,TrayWallIR,-1,null
581353.621,DIGITAL_IN,TrayWallIR,0,null
581405.597,DIGITAL_IN,TrayWallIR,-1,null
581449.576,DIGITAL_IN,TrayWallIR,0,null
582393.135,DIGITAL_IN,TrayWallIR,-1,null
582413.126,DIGITAL_IN,TrayWallIR,0,null
583844.456,DIGITAL_IN,Hole4NP,-1,null
583888.435,DIGITAL_IN,Hole4NP,0,null
584919.952,DIGITAL_IN,Hole4NP,-1,null
585059.887,DIGITAL_IN,Hole4NP,0,null
585491.685,DIGITAL_IN,Hole5NP,-1,null
585491.685,PROGRAMMATIC,Hole5Event,-1,null
585707.584,DIGITAL_IN,Hole5NP,0,null
586072.413,DIGITAL_IN,ChoiceWallIR,0,null
586292.31,DIGITAL_IN,TrayWallIR,-1,null
586691.685,PROGRAMMATIC,FeederTimerEvent,-1,null
586691.685,ALWAYS,ITI,-1,null
593050.148,DIGITAL_IN,TrayReport,0,null
593058.144,DIGITAL_IN,TrayReport,-1,null
593561.909,DIGITAL_IN,TrayWallIR,0,null
594189.615,DIGITAL_IN,TrayWallIR,-1,null
594193.614,DIGITAL_IN,TrayWallIR,0,null
595185.149,DIGITAL_IN,TrayWallIR,-1,null
595261.114,DIGITAL_IN,TrayWallIR,0,null
595357.069,DIGITAL_IN,TrayWallIR,-1,null
597344.139,DIGITAL_IN,TrayWallIR,0,null
597500.066,DIGITAL_IN,TrayWallIR,-1,null
597508.062,DIGITAL_IN,TrayWallIR,0,null
599116.31,DIGITAL_IN,TrayWallIR,-1,null
599268.238,DIGITAL_IN,TrayWallIR,0,null
600603.614,DIGITAL_IN,ChoiceWallIR,-1,null
606691.685,PROGRAMMATIC,ITITimerEvent,-1,null
607225.515,DIGITAL_IN,ChoiceWallIR,0,null
607477.397,DIGITAL_IN,TrayWallIR,-1,null
607825.234,DIGITAL_IN,TrayWallIR,0,null
608081.115,DIGITAL_IN,TrayWallIR,-1,null
608221.049,DIGITAL_IN,ChoiceWallIR,-1,null
608253.034,DIGITAL_IN,ChoiceWallIR,0,null
608332.997,DIGITAL_IN,ChoiceWallIR,-1,null
608348.989,DIGITAL_IN,ChoiceWallIR,0,null
608424.954,DIGITAL_IN,TrayReport,0,null
608428.953,DIGITAL_IN,TrayReport,-1,null
608496.92,DIGITAL_IN,TrayReport,0,null
608500.92,DIGITAL_IN,TrayReport,-1,null
609276.555,DIGITAL_IN,ChoiceWallIR,-1,null
609284.552,DIGITAL_IN,ChoiceWallIR,0,null
609404.495,DIGITAL_IN,ChoiceWallIR,-1,null
609420.488,DIGITAL_IN,ChoiceWallIR,0,null
609632.389,DIGITAL_IN,ChoiceWallIR,-1,null
609640.385,DIGITAL_IN,ChoiceWallIR,0,null
609972.23,DIGITAL_IN,TrayWallIR,0,null
610124.159,DIGITAL_IN,TrayWallIR,-1,null
610304.074,DIGITAL_IN,TrayWallIR,0,null
612243.685,PROGRAMMATIC,RandITITimerEvent,-1,null
612243.685,PROGRAMMATIC,FIEvent,-1,null
615786.509,DIGITAL_IN,TrayWallIR,-1,null
619389.823,DIGITAL_IN,TrayWallIR,0,null
619633.709,DIGITAL_IN,ChoiceWallIR,-1,null
620157.464,DIGITAL_IN,TrayWallIR,-1,null
620205.441,DIGITAL_IN,TrayWallIR,0,null
620793.166,DIGITAL_IN,TrayWallIR,-1,null
620809.159,DIGITAL_IN,TrayWallIR,0,null
626171.649,DIGITAL_IN,Hole5NP,-1,null
626447.52,DIGITAL_IN,Hole5NP,0,null
626787.361,DIGITAL_IN,ChoiceWallIR,0,null
626923.298,DIGITAL_IN,TrayWallIR,-1,null
626927.297,DIGITAL_IN,TrayWallIR,0,null
627147.193,DIGITAL_IN,TrayWallIR,-1,null
627243.685,PROGRAMMATIC,FITimerEvent,-1,null
628578.523,DIGITAL_IN,TrayWallIR,0,null
632017.914,DIGITAL_IN,TrayWallIR,-1,null
632149.852,DIGITAL_IN,TrayWallIR,0,null
632549.665,DIGITAL_IN,ChoiceWallIR,-1,null
632753.57,DIGITAL_IN,TrayWallIR,-1,null
632765.564,DIGITAL_IN,TrayWallIR,0,null
632893.504,DIGITAL_IN,TrayWallIR,-1,null
632901.5,DIGITAL_IN,TrayWallIR,0,null
633657.147,DIGITAL_IN,TrayWallIR,-1,null
633669.141,DIGITAL_IN,TrayWallIR,0,null
633733.111,DIGITAL_IN,TrayWallIR,-1,null
633769.094,DIGITAL_IN,TrayWallIR,0,null
636607.766,DIGITAL_IN,ChoiceWallIR,0,null
636819.667,DIGITAL_IN,TrayWallIR,-1,null
637519.34,DIGITAL_IN,TrayWallIR,0,null
637995.117,DIGITAL_IN,ChoiceWallIR,-1,null
638723.776,DIGITAL_IN,Hole5NP,-1,null
638723.776,PROGRAMMATIC,Hole5Event,-1,null
638767.755,DIGITAL_IN,Hole5NP,0,null
638795.742,DIGITAL_IN,Hole5NP,-1,null
638855.714,DIGITAL_IN,Hole5NP,0,null
639231.538,DIGITAL_IN,ChoiceWallIR,0,null
639535.396,DIGITAL_IN,TrayWallIR,-1,null
639923.776,PROGRAMMATIC,FeederTimerEvent,-1,null
639923.776,ALWAYS,ITI,-1,null
648192.345,DIGITAL_IN,TrayReport,0,null
648200.342,DIGITAL_IN,TrayReport,-1,null
648664.125,DIGITAL_IN,TrayWallIR,0,null
648880.023,DIGITAL_IN,TrayWallIR,-1,null
648884.023,DIGITAL_IN,TrayWallIR,0,null
649411.775,DIGITAL_IN,TrayWallIR,-1,null
651731.689,DIGITAL_IN,TrayWallIR,0,null
652699.236,DIGITAL_IN,ChoiceWallIR,-1,null
652727.223,DIGITAL_IN,TrayWallIR,-1,null
652747.214,DIGITAL_IN,TrayWallIR,0,null
652855.163,DIGITAL_IN,TrayWallIR,-1,null
652859.163,DIGITAL_IN,TrayWallIR,0,null
654062.598,DIGITAL_IN,ChoiceWallIR,0,null
654110.576,DIGITAL_IN,ChoiceWallIR,-1,null
656825.306,DIGITAL_IN,ChoiceWallIR,0,null
656845.296,DIGITAL_IN,ChoiceWallIR,-1,null
656853.293,DIGITAL_IN,ChoiceWallIR,0,null
657221.12,DIGITAL_IN,ChoiceWallIR,-1,null
657249.108,DIGITAL_IN,ChoiceWallIR,0,null
657361.055,DIGITAL_IN,TrayWallIR,-1,null
657433.021,DIGITAL_IN,ChoiceWallIR,-1,null
657596.945,DIGITAL_IN,ChoiceWallIR,0,null
657828.836,DIGITAL_IN,TrayWallIR,0,null
658685.435,DIGITAL_IN,ChoiceWallIR,-1,null
658709.424,DIGITAL_IN,ChoiceWallIR,0,null
658753.403,DIGITAL_IN,TrayWallIR,-1,null
658825.37,DIGITAL_IN,ChoiceWallIR,-1,null
658841.362,DIGITAL_IN,ChoiceWallIR,0,null
658925.323,DIGITAL_IN,TrayWallIR,0,null
659923.776,PROGRAMMATIC,ITITimerEvent,-1,null
660146.776,PROGRAMMATIC,RandITITimerEvent,-1,null
660146.776,PROGRAMMATIC,FIEvent,-1,null
662687.563,DIGITAL_IN,ChoiceWallIR,-1,null
664158.874,DIGITAL_IN,Hole5NP,-1,null
664182.863,DIGITAL_IN,Hole5NP,0,null
665307.337,DIGITAL_IN,Hole5NP,-1,null
665675.165,DIGITAL_IN,Hole5NP,0,null
666190.923,DIGITAL_IN,ChoiceWallIR,0,null
666378.835,DIGITAL_IN,TrayWallIR,-1,null
667514.304,DIGITAL_IN,TrayWallIR,0,null
668102.029,DIGITAL_IN,ChoiceWallIR,-1,null
670057.114,DIGITAL_IN,TrayWallIR,-1,null
670133.079,DIGITAL_IN,TrayWallIR,0,null
670165.064,DIGITAL_IN,TrayWallIR,-1,null
670213.041,DIGITAL_IN,TrayWallIR,0,null
670580.871,DIGITAL_IN,TrayWallIR,-1,null
670600.86,DIGITAL_IN,ChoiceWallIR,0,null
670604.859,DIGITAL_IN,TrayWallIR,0,null
670636.843,DIGITAL_IN,TrayWallIR,-1,null
670664.83,DIGITAL_IN,TrayWallIR,0,null
670816.759,DIGITAL_IN,ChoiceWallIR,-1,null
670868.734,DIGITAL_IN,TrayWallIR,-1,null
670888.725,DIGITAL_IN,TrayWallIR,0,null
671601.391,DIGITAL_IN,TrayWallIR,-1,null
671609.388,DIGITAL_IN,Hole4NP,-1,null
671625.38,DIGITAL_IN,TrayWallIR,0,null
671665.361,DIGITAL_IN,TrayWallIR,-1,null
671673.358,DIGITAL_IN,TrayWallIR,0,null
671717.337,DIGITAL_IN,TrayWallIR,-1,null
671721.336,DIGITAL_IN,TrayWallIR,0,null
671749.322,DIGITAL_IN,TrayWallIR,-1,null
671757.319,DIGITAL_IN,TrayWallIR,0,null
672181.121,DIGITAL_IN,Hole4NP,0,null
672680.886,DIGITAL_IN,Hole5NP,-1,null
672992.741,DIGITAL_IN,Hole5NP,0,null
673656.43,DIGITAL_IN,TrayWallIR,-1,null
673660.43,DIGITAL_IN,TrayWallIR,0,null
673708.405,DIGITAL_IN,ChoiceWallIR,0,null
673740.391,DIGITAL_IN,TrayWallIR,-1,null
673752.385,DIGITAL_IN,TrayWallIR,0,null
673808.359,DIGITAL_IN,TrayWallIR,-1,null
673812.358,DIGITAL_IN,TrayWallIR,0,null
674456.056,DIGITAL_IN,TrayWallIR,-1,null
675139.736,DIGITAL_IN,ChoiceWallIR,-1,null
675146.776,PROGRAMMATIC,FITimerEvent,-1,null
675159.726,DIGITAL_IN,ChoiceWallIR,0,null
675175.719,DIGITAL_IN,ChoiceWallIR,-1,null
675203.706,DIGITAL_IN,ChoiceWallIR,0,null
675391.618,DIGITAL_IN,TrayWallIR,0,null
675415.607,DIGITAL_IN,ChoiceWallIR,-1,null
675683.481,DIGITAL_IN,ChoiceWallIR,0,null
676794.961,DIGITAL_IN,ChoiceWallIR,-1,null
676950.888,DIGITAL_IN,ChoiceWallIR,0,null
676966.881,DIGITAL_IN,ChoiceWallIR,-1,null
676970.88,DIGITAL_IN,ChoiceWallIR,0,null
677058.838,DIGITAL_IN,ChoiceWallIR,-1,null
677066.834,DIGITAL_IN,TrayWallIR,-1,null
677090.823,DIGITAL_IN,ChoiceWallIR,0,null
677118.81,DIGITAL_IN,TrayWallIR,0,null
677130.804,DIGITAL_IN,TrayWallIR,-1,null
677150.795,DIGITAL_IN,TrayWallIR,0,null
677218.763,DIGITAL_IN,TrayReport,0,null
677222.762,DIGITAL_IN,TrayReport,-1,null
679150.859,DIGITAL_IN,TrayReport,0,null
679254.81,DIGITAL_IN,TrayReport,-1,null
679650.625,DIGITAL_IN,ChoiceWallIR,-1,null
679674.614,DIGITAL_IN,TrayWallIR,-1,null
679682.61,DIGITAL_IN,TrayReport,0,null
679686.609,DIGITAL_IN,TrayWallIR,0,null
679686.609,DIGITAL_IN,TrayReport,-1,null
679998.462,DIGITAL_IN,TrayWallIR,-1,null
680034.445,DIGITAL_IN,TrayWallIR,0,null
681929.559,DIGITAL_IN,ChoiceWallIR,0,null
682049.502,DIGITAL_IN,TrayWallIR,-1,null
682901.104,DIGITAL_IN,TrayWallIR,0,null
685856.721,DIGITAL_IN,ChoiceWallIR,-1,null
686212.554,DIGITAL_IN,TrayWallIR,-1,null
686236.543,DIGITAL_IN,TrayWallIR,0,null
687507.948,DIGITAL_IN,Hole5NP,-1,null
687507.948,PROGRAMMATIC,Hole5Event,-1,null
687543.931,DIGITAL_IN,Hole5NP,0,null
687991.722,DIGITAL_IN,ChoiceWallIR,0,null
688183.632,DIGITAL_IN,TrayWallIR,-1,null
688707.948,PROGRAMMATIC,FeederTimerEvent,-1,null
688707.948,ALWAYS,ITI,-1,null
695269.316,DIGITAL_IN,TrayWallIR,0,null
695417.247,DIGITAL_IN,TrayWallIR,-1,null
695449.232,DIGITAL_IN,TrayWallIR,0,null
696568.708,DIGITAL_IN,TrayWallIR,-1,null
696572.708,DIGITAL_IN,TrayWallIR,0,null
696580.703,DIGITAL_IN,TrayWallIR,-1,null
696588.699,DIGITAL_IN,TrayWallIR,0,null
696632.678,DIGITAL_IN,TrayWallIR,-1,null
696984.514,DIGITAL_IN,TrayReport,0,null
696988.513,DIGITAL_IN,TrayReport,-1,null
698112.986,DIGITAL_IN,TrayWallIR,0,null
699180.486,DIGITAL_IN,TrayWallIR,-1,null
699256.451,DIGITAL_IN,TrayWallIR,0,null
699724.232,DIGITAL_IN,TrayWallIR,-1,null
699976.114,DIGITAL_IN,TrayWallIR,0,null
700140.037,DIGITAL_IN,TrayWallIR,-1,null
700599.822,DIGITAL_IN,TrayWallIR,0,null
701151.564,DIGITAL_IN,ChoiceWallIR,-1,null
701715.3,DIGITAL_IN,Hole6NP,-1,null
701743.287,DIGITAL_IN,Hole6NP,0,null
702686.845,DIGITAL_IN,TrayWallIR,-1,null
702810.788,DIGITAL_IN,TrayWallIR,0,null
702854.767,DIGITAL_IN,TrayWallIR,-1,null
702906.743,DIGITAL_IN,TrayWallIR,0,null
703182.613,DIGITAL_IN,TrayWallIR,-1,null
703186.613,DIGITAL_IN,TrayWallIR,0,null
704411.039,DIGITAL_IN,ChoiceWallIR,0,null
705242.65,DIGITAL_IN,ChoiceWallIR,-1,null
707925.394,DIGITAL_IN,ChoiceWallIR,0,null
708153.288,DIGITAL_IN,ChoiceWallIR,-1,null
708707.948,PROGRAMMATIC,ITITimerEvent,-1,null
709440.685,DIGITAL_IN,ChoiceWallIR,0,null
709468.672,DIGITAL_IN,ChoiceWallIR,-1,null
711756.602,DIGITAL_IN,ChoiceWallIR,0,null
714151.481,DIGITAL_IN,ChoiceWallIR,-1,null
715101.948,PROGRAMMATIC,RandITITimerEvent,-1,null
715101.948,PROGRAMMATIC,PIEvent,-1,null
716290.48,DIGITAL_IN,Hole5NP,-1,null
716638.317,DIGITAL_IN,Hole5NP,0,null
720137.68,DIGITAL_IN,ChoiceWallIR,0,null
720397.558,DIGITAL_IN,TrayWallIR,-1,null
720625.451,DIGITAL_IN,TrayWallIR,0,null
722104.759,DIGITAL_IN,ChoiceWallIR,-1,null
723593.063,DIGITAL_IN,Hole4NP,-1,null
723625.048,DIGITAL_IN,Hole4NP,0,null
723645.038,DIGITAL_IN,Hole4NP,-1,null
723744.992,DIGITAL_IN,Hole4NP,0,null
723792.969,DIGITAL_IN,Hole4NP,-1,null
723820.956,DIGITAL_IN,Hole4NP,0,null
723868.934,DIGITAL_IN,Hole4NP,-1,null
723940.9,DIGITAL_IN,Hole4NP,0,null
723948.896,DIGITAL_IN,Hole4NP,-1,null
724012.866,DIGITAL_IN,Hole4NP,0,null
724052.848,DIGITAL_IN,Hole4NP,-1,null
724452.661,DIGITAL_IN,Hole4NP,0,null
724484.646,DIGITAL_IN,Hole4NP,-1,null
724516.631,DIGITAL_IN,Hole4NP,0,null
725608.12,DIGITAL_IN,ChoiceWallIR,0,null
727503.233,DIGITAL_IN,TrayWallIR,-1,null
728618.711,DIGITAL_IN,TrayWallIR,0,null
728798.627,DIGITAL_IN,TrayWallIR,-1,null
728878.59,DIGITAL_IN,TrayWallIR,0,null
729014.526,DIGITAL_IN,TrayWallIR,-1,null
730770.704,DIGITAL_IN,TrayWallIR,0,null
730894.646,DIGITAL_IN,TrayWallIR,-1,null
731138.532,DIGITAL_IN,TrayWallIR,0,null
731202.502,DIGITAL_IN,TrayWallIR,-1,null
731226.491,DIGITAL_IN,TrayWallIR,0,null
732865.724,DIGITAL_IN,TrayWallIR,-1,null
732945.686,DIGITAL_IN,TrayWallIR,0,null
732961.679,DIGITAL_IN,TrayWallIR,-1,null
732973.673,DIGITAL_IN,TrayWallIR,0,null
733609.376,DIGITAL_IN,TrayWallIR,-1,null
733665.35,DIGITAL_IN,TrayWallIR,0,null
733693.337,DIGITAL_IN,TrayWallIR,-1,null
733725.322,DIGITAL_IN,TrayWallIR,0,null
734133.131,DIGITAL_IN,TrayWallIR,-1,null
734201.099,DIGITAL_IN,TrayWallIR,0,null
734257.073,DIGITAL_IN,TrayWallIR,-1,null
734345.032,DIGITAL_IN,TrayWallIR,0,null
734496.961,DIGITAL_IN,TrayWallIR,-1,null
734500.96,DIGITAL_IN,TrayWallIR,0,null
734632.897,DIGITAL_IN,TrayWallIR,-1,null
734640.893,DIGITAL_IN,TrayWallIR,0,null
734740.846,DIGITAL_IN,TrayWallIR,-1,null
734924.76,DIGITAL_IN,TrayWallIR,0,null
735092.682,DIGITAL_IN,TrayWallIR,-1,null
735100.678,DIGITAL_IN,TrayWallIR,0,null
735144.657,DIGITAL_IN,TrayWallIR,-1,null
735184.639,DIGITAL_IN,TrayWallIR,0,null
736100.21,DIGITAL_IN,TrayWallIR,-1,null
736124.199,DIGITAL_IN,TrayWallIR,0,null
736369.084,DIGITAL_IN,TrayWallIR,-1,null
736397.071,DIGITAL_IN,TrayWallIR,0,null
737044.768,DIGITAL_IN,TrayWallIR,-1,null
737060.761,DIGITAL_IN,TrayWallIR,0,null
760101.948,PROGRAMMATIC,PITimerEvent,-1,null
760101.948,ALWAYS,ITI,-1,null
780101.948,PROGRAMMATIC,ITITimerEvent,-1,null
780635.948,PROGRAMMATIC,RandITITimerEvent,-1,null
780635.948,PROGRAMMATIC,PIEvent,-1,null
788880.513,DIGITAL_IN,ChoiceWallIR,-1,null
788884.512,DIGITAL_IN,ChoiceWallIR,0,null
788940.485,DIGITAL_IN,ChoiceWallIR,-1,null
790435.785,DIGITAL_IN,ChoiceWallIR,0,null
790619.699,DIGITAL_IN,ChoiceWallIR,-1,null
790655.682,DIGITAL_IN,ChoiceWallIR,0,null
790667.676,DIGITAL_IN,ChoiceWallIR,-1,null
793306.442,DIGITAL_IN,Hole4NP,-1,null
793318.436,DIGITAL_IN,Hole4NP,0,null
793386.404,DIGITAL_IN,Hole4NP,-1,null
793398.399,DIGITAL_IN,Hole4NP,0,null
794661.807,DIGITAL_IN,ChoiceWallIR,0,null
795098.603,DIGITAL_IN,ChoiceWallIR,-1,null
796853.782,DIGITAL_IN,ChoiceWallIR,0,null
797337.555,DIGITAL_IN,TrayWallIR,-1,null
798225.14,DIGITAL_IN,TrayWallIR,0,null
798281.114,DIGITAL_IN,TrayWallIR,-1,null
798333.09,DIGITAL_IN,TrayWallIR,0,null
798497.013,DIGITAL_IN,ChoiceWallIR,-1,null
798540.992,DIGITAL_IN,ChoiceWallIR,0,null
800356.143,DIGITAL_IN,ChoiceWallIR,-1,null
801111.789,DIGITAL_IN,TrayWallIR,-1,null
801139.776,DIGITAL_IN,TrayWallIR,0,null
801792.471,DIGITAL_IN,ChoiceWallIR,0,null
802612.087,DIGITAL_IN,TrayWallIR,-1,null
803271.779,DIGITAL_IN,TrayWallIR,0,null
804978.98,DIGITAL_IN,TrayWallIR,-1,null
806122.445,DIGITAL_IN,TrayWallIR,0,null
807489.805,DIGITAL_IN,ChoiceWallIR,-1,null
808138.501,DIGITAL_IN,TrayWallIR,-1,null
808206.469,DIGITAL_IN,TrayWallIR,0,null
808282.434,DIGITAL_IN,TrayWallIR,-1,null
808338.408,DIGITAL_IN,TrayWallIR,0,null
808382.387,DIGITAL_IN,TrayWallIR,-1,null
808418.37,DIGITAL_IN,TrayWallIR,0,null
808618.277,DIGITAL_IN,TrayWallIR,-1,null
808666.254,DIGITAL_IN,TrayWallIR,0,null
808690.243,DIGITAL_IN,TrayWallIR,-1,null
808810.187,DIGITAL_IN,TrayWallIR,0,null
808834.176,DIGITAL_IN,TrayWallIR,-1,null
808906.142,DIGITAL_IN,TrayWallIR,0,null
808906.142,DIGITAL_IN,Hole6NP,-1,null
808930.131,DIGITAL_IN,TrayWallIR,-1,null
808970.112,DIGITAL_IN,TrayWallIR,0,null
809481.873,DIGITAL_IN,Hole6NP,0,null
809745.749,DIGITAL_IN,TrayWallIR,-1,null
809749.748,DIGITAL_IN,TrayWallIR,0,null
809829.71,DIGITAL_IN,TrayWallIR,-1,null
809873.689,DIGITAL_IN,TrayWallIR,0,null
810277.5,DIGITAL_IN,Hole4NP,-1,null
810433.427,DIGITAL_IN,Hole4NP,0,null
814471.538,DIGITAL_IN,ChoiceWallIR,0,null
814579.487,DIGITAL_IN,ChoiceWallIR,-1,null
814615.47,DIGITAL_IN,ChoiceWallIR,0,null
814635.461,DIGITAL_IN,TrayWallIR,-1,null
814800.387,DIGITAL_IN,ChoiceWallIR,-1,null
814836.367,DIGITAL_IN,ChoiceWallIR,0,null
814904.335,DIGITAL_IN,ChoiceWallIR,-1,null
814932.323,DIGITAL_IN,ChoiceWallIR,0,null
815184.204,DIGITAL_IN,TrayWallIR,0,null
815252.172,DIGITAL_IN,TrayWallIR,-1,null
815264.167,DIGITAL_IN,TrayWallIR,0,null
815488.062,DIGITAL_IN,ChoiceWallIR,-1,null
815500.057,DIGITAL_IN,ChoiceWallIR,0,null
816051.799,DIGITAL_IN,ChoiceWallIR,-1,null
816847.426,DIGITAL_IN,ChoiceWallIR,0,null
817599.074,DIGITAL_IN,ChoiceWallIR,-1,null
817643.054,DIGITAL_IN,ChoiceWallIR,0,null
817994.889,DIGITAL_IN,ChoiceWallIR,-1,null
823197.455,DIGITAL_IN,Hole4NP,-1,null
823269.421,DIGITAL_IN,Hole4NP,0,null
823405.357,DIGITAL_IN,Hole4NP,-1,null
824005.077,DIGITAL_IN,Hole4NP,0,null
824017.071,DIGITAL_IN,Hole4NP,-1,null
824033.064,DIGITAL_IN,Hole4NP,0,null
824049.056,DIGITAL_IN,Hole4NP,-1,null
824061.051,DIGITAL_IN,Hole4NP,0,null
824101.032,DIGITAL_IN,Hole4NP,-1,null
824200.985,DIGITAL_IN,Hole4NP,0,null
824212.98,DIGITAL_IN,Hole4NP,-1,null
824260.957,DIGITAL_IN,Hole4NP,0,null
824312.933,DIGITAL_IN,Hole4NP,-1,null
824352.914,DIGITAL_IN,Hole4NP,0,null
824404.89,DIGITAL_IN,Hole4NP,-1,null
824444.871,DIGITAL_IN,Hole4NP,0,null
825635.948,PROGRAMMATIC,PITimerEvent,-1,null
825635.948,ALWAYS,ITI,-1,null
827043.655,DIGITAL_IN,Hole6NP,-1,null
827255.556,DIGITAL_IN,Hole6NP,0,null
827756.321,DIGITAL_IN,Hole6NP,-1,null
827792.305,DIGITAL_IN,Hole6NP,0,null
828463.99,DIGITAL_IN,ChoiceWallIR,0,null
828891.79,DIGITAL_IN,TrayWallIR,-1,null
830235.161,DIGITAL_IN,TrayWallIR,0,null
830315.124,DIGITAL_IN,TrayWallIR,-1,null
830323.121,DIGITAL_IN,TrayWallIR,0,null
831126.744,DIGITAL_IN,TrayWallIR,-1,null
832718.0,DIGITAL_IN,ChoiceWallIR,-1,null
832721.999,DIGITAL_IN,TrayWallIR,0,null
832733.992,DIGITAL_IN,TrayWallIR,-1,null
832761.979,DIGITAL_IN,TrayWallIR,0,null
832769.975,DIGITAL_IN,ChoiceWallIR,0,null
832841.942,DIGITAL_IN,ChoiceWallIR,-1,null
832929.901,DIGITAL_IN,ChoiceWallIR,0,null
832961.886,DIGITAL_IN,ChoiceWallIR,-1,null
832969.882,DIGITAL_IN,ChoiceWallIR,0,null
833169.788,DIGITAL_IN,ChoiceWallIR,-1,null
833181.783,DIGITAL_IN,ChoiceWallIR,0,null
833653.562,DIGITAL_IN,ChoiceWallIR,-1,null
835265.807,DIGITAL_IN,ChoiceWallIR,0,null
835969.478,DIGITAL_IN,ChoiceWallIR,-1,null
837288.861,DIGITAL_IN,ChoiceWallIR,0,null
837408.805,DIGITAL_IN,ChoiceWallIR,-1,null
837412.804,DIGITAL_IN,ChoiceWallIR,0,null
838100.481,DIGITAL_IN,ChoiceWallIR,-1,null
839155.987,DIGITAL_IN,ChoiceWallIR,0,null
841116.07,DIGITAL_IN,ChoiceWallIR,-1,null
841731.782,DIGITAL_IN,ChoiceWallIR,0,null
841811.744,DIGITAL_IN,ChoiceWallIR,-1,null
841919.694,DIGITAL_IN,ChoiceWallIR,0,null
841959.675,DIGITAL_IN,ChoiceWallIR,-1,null
841983.664,DIGITAL_IN,ChoiceWallIR,0,null
841991.66,DIGITAL_IN,ChoiceWallIR,-1,null
842023.645,DIGITAL_IN,ChoiceWallIR,0,null
842043.636,DIGITAL_IN,ChoiceWallIR,-1,null
842071.623,DIGITAL_IN,ChoiceWallIR,0,null
845635.948,PROGRAMMATIC,ITITimerEvent,-1,null
846633.488,DIGITAL_IN,ChoiceWallIR,-1,null
846697.458,DIGITAL_IN,ChoiceWallIR,0,null
851520.948,PROGRAMMATIC,RandITITimerEvent,-1,null
851520.948,PROGRAMMATIC,PIEvent,-1,null
861817.383,DIGITAL_IN,ChoiceWallIR,-1,null
864064.332,DIGITAL_IN,ChoiceWallIR,0,null
866987.964,DIGITAL_IN,ChoiceWallIR,-1,null
868011.485,DIGITAL_IN,ChoiceWallIR,0,null
868651.185,DIGITAL_IN,ChoiceWallIR,-1,null
868727.15,DIGITAL_IN,ChoiceWallIR,0,null
869078.985,DIGITAL_IN,ChoiceWallIR,-1,null
869290.886,DIGITAL_IN,ChoiceWallIR,0,null
869514.781,DIGITAL_IN,ChoiceWallIR,-1,null
869778.658,DIGITAL_IN,ChoiceWallIR,0,null
869894.604,DIGITAL_IN,ChoiceWallIR,-1,null
870122.497,DIGITAL_IN,ChoiceWallIR,0,null
870538.302,DIGITAL_IN,ChoiceWallIR,-1,null
870610.269,DIGITAL_IN,ChoiceWallIR,0,null
871377.909,DIGITAL_IN,ChoiceWallIR,-1,null
872229.511,DIGITAL_IN,ChoiceWallIR,0,null
872349.455,DIGITAL_IN,ChoiceWallIR,-1,null
872765.26,DIGITAL_IN,ChoiceWallIR,0,null
874709.351,DIGITAL_IN,ChoiceWallIR,-1,null
874741.336,DIGITAL_IN,ChoiceWallIR,0,null
874841.289,DIGITAL_IN,ChoiceWallIR,-1,null
874853.283,DIGITAL_IN,ChoiceWallIR,0,null
875353.049,DIGITAL_IN,ChoiceWallIR,-1,null
875369.042,DIGITAL_IN,ChoiceWallIR,0,null
875728.874,DIGITAL_IN,ChoiceWallIR,-1,null
876388.565,DIGITAL_IN,ChoiceWallIR,0,null
876404.557,DIGITAL_IN,ChoiceWallIR,-1,null
876500.512,DIGITAL_IN,ChoiceWallIR,0,null
876600.466,DIGITAL_IN,ChoiceWallIR,-1,null
876644.445,DIGITAL_IN,ChoiceWallIR,0,null
877016.271,DIGITAL_IN,ChoiceWallIR,-1,null
877044.258,DIGITAL_IN,ChoiceWallIR,0,null
877264.155,DIGITAL_IN,ChoiceWallIR,-1,null
877324.127,DIGITAL_IN,ChoiceWallIR,0,null
877456.065,DIGITAL_IN,ChoiceWallIR,-1,null
877484.052,DIGITAL_IN,ChoiceWallIR,0,null
877524.034,DIGITAL_IN,ChoiceWallIR,-1,null
877584.005,DIGITAL_IN,ChoiceWallIR,0,null
877607.994,DIGITAL_IN,ChoiceWallIR,-1,null
877763.921,DIGITAL_IN,ChoiceWallIR,0,null
878015.803,DIGITAL_IN,ChoiceWallIR,-1,null
878031.796,DIGITAL_IN,ChoiceWallIR,0,null
878263.687,DIGITAL_IN,ChoiceWallIR,-1,null
878283.678,DIGITAL_IN,ChoiceWallIR,0,null
878319.661,DIGITAL_IN,ChoiceWallIR,-1,null
878407.62,DIGITAL_IN,ChoiceWallIR,0,null
878439.605,DIGITAL_IN,ChoiceWallIR,-1,null
878503.575,DIGITAL_IN,ChoiceWallIR,0,null
878691.487,DIGITAL_IN,ChoiceWallIR,-1,null
878731.469,DIGITAL_IN,ChoiceWallIR,0,null
879139.278,DIGITAL_IN,ChoiceWallIR,-1,null
879175.261,DIGITAL_IN,ChoiceWallIR,0,null
879411.15,DIGITAL_IN,ChoiceWallIR,-1,null
879447.134,DIGITAL_IN,ChoiceWallIR,0,null
879703.014,DIGITAL_IN,ChoiceWallIR,-1,null
879731.001,DIGITAL_IN,ChoiceWallIR,0,null
879982.883,DIGITAL_IN,ChoiceWallIR,-1,null
879991.879,DIGITAL_IN,ChoiceWallIR,0,null
880019.866,DIGITAL_IN,ChoiceWallIR,-1,null
880027.862,DIGITAL_IN,ChoiceWallIR,0,null
880187.787,DIGITAL_IN,ChoiceWallIR,-1,null
880247.759,DIGITAL_IN,ChoiceWallIR,0,null
880327.722,DIGITAL_IN,ChoiceWallIR,-1,null
880335.718,DIGITAL_IN,ChoiceWallIR,0,null
880367.703,DIGITAL_IN,ChoiceWallIR,-1,null
880423.677,DIGITAL_IN,ChoiceWallIR,0,null
880479.65,DIGITAL_IN,ChoiceWallIR,-1,null
880483.65,DIGITAL_IN,ChoiceWallIR,0,null
880507.637,DIGITAL_IN,ChoiceWallIR,-1,null
880539.622,DIGITAL_IN,ChoiceWallIR,0,null
880615.587,DIGITAL_IN,ChoiceWallIR,-1,null
880619.586,DIGITAL_IN,ChoiceWallIR,0,null
880635.577,DIGITAL_IN,ChoiceWallIR,-1,null
880707.544,DIGITAL_IN,ChoiceWallIR,0,null
880771.514,DIGITAL_IN,ChoiceWallIR,-1,null
880775.513,DIGITAL_IN,ChoiceWallIR,0,null
880799.501,DIGITAL_IN,ChoiceWallIR,-1,null
880803.5,DIGITAL_IN,ChoiceWallIR,0,null
880815.493,DIGITAL_IN,ChoiceWallIR,-1,null
880823.49,DIGITAL_IN,ChoiceWallIR,0,null
880907.45,DIGITAL_IN,ChoiceWallIR,-1,null
880911.45,DIGITAL_IN,ChoiceWallIR,0,null
881307.263,DIGITAL_IN,ChoiceWallIR,-1,null
881323.256,DIGITAL_IN,ChoiceWallIR,0,null
888097.086,DIGITAL_IN,ChoiceWallIR,-1,null
890443.988,DIGITAL_IN,ChoiceWallIR,0,null
890987.733,DIGITAL_IN,ChoiceWallIR,-1,null
891039.709,DIGITAL_IN,ChoiceWallIR,0,null
893167.714,DIGITAL_IN,ChoiceWallIR,-1,null
893215.691,DIGITAL_IN,ChoiceWallIR,0,null
893679.474,DIGITAL_IN,ChoiceWallIR,-1,null
896520.948,PROGRAMMATIC,PITimerEvent,-1,null
896520.948,ALWAYS,ITI,-1,null
899709.652,DIGITAL_IN,ChoiceWallIR,0,null
900593.239,DIGITAL_IN,ChoiceWallIR,-1,null
900921.085,DIGITAL_IN,ChoiceWallIR,0,null
903419.916,DIGITAL_IN,ChoiceWallIR,-1,null
916347.867,DIGITAL_IN,ChoiceWallIR,0,null
916520.948,PROGRAMMATIC,ITITimerEvent,-1,null
916587.754,DIGITAL_IN,ChoiceWallIR,-1,null
916671.715,DIGITAL_IN,ChoiceWallIR,0,null
916723.691,DIGITAL_IN,TrayWallIR,-1,null
916815.648,DIGITAL_IN,ChoiceWallIR,-1,null
916843.635,DIGITAL_IN,ChoiceWallIR,0,null
916879.618,DIGITAL_IN,ChoiceWallIR,-1,null
916899.608,DIGITAL_IN,ChoiceWallIR,0,null
917407.371,DIGITAL_IN,ChoiceWallIR,-1,null
917743.214,DIGITAL_IN,TrayWallIR,0,null
917859.159,DIGITAL_IN,ChoiceWallIR,0,null
918677.948,PROGRAMMATIC,RandITITimerEvent,-1,null
918677.948,PROGRAMMATIC,PIEvent,-1,null
918926.66,DIGITAL_IN,ChoiceWallIR,-1,null
918950.649,DIGITAL_IN,ChoiceWallIR,0,null
919142.559,DIGITAL_IN,ChoiceWallIR,-1,null
919166.548,DIGITAL_IN,ChoiceWallIR,0,null
920323.007,DIGITAL_IN,ChoiceWallIR,-1,null
920390.975,DIGITAL_IN,ChoiceWallIR,0,null
920846.761,DIGITAL_IN,ChoiceWallIR,-1,null
923253.635,DIGITAL_IN,ChoiceWallIR,0,null
923449.543,DIGITAL_IN,ChoiceWallIR,-1,null
923573.485,DIGITAL_IN,ChoiceWallIR,0,null
927372.708,DIGITAL_IN,TrayWallIR,-1,null
927376.708,DIGITAL_IN,TrayWallIR,0,null
927580.61,DIGITAL_IN,TrayWallIR,-1,null
927620.592,DIGITAL_IN,TrayWallIR,0,null
927900.461,DIGITAL_IN,TrayWallIR,-1,null
928108.363,DIGITAL_IN,TrayWallIR,0,null
928240.302,DIGITAL_IN,TrayWallIR,-1,null
928744.066,DIGITAL_IN,TrayWallIR,0,null
928772.053,DIGITAL_IN,TrayWallIR,-1,null
928840.021,DIGITAL_IN,TrayWallIR,0,null
928887.999,DIGITAL_IN,TrayWallIR,-1,null
929027.933,DIGITAL_IN,TrayWallIR,0,null
929079.909,DIGITAL_IN,TrayWallIR,-1,null
929135.883,DIGITAL_IN,TrayWallIR,0,null
929679.628,DIGITAL_IN,ChoiceWallIR,-1,null
929739.6,DIGITAL_IN,TrayWallIR,-1,null
929887.531,DIGITAL_IN,TrayWallIR,0,null
930155.406,DIGITAL_IN,TrayWallIR,-1,null
930175.396,DIGITAL_IN,TrayWallIR,0,null
930275.349,DIGITAL_IN,TrayWallIR,-1,null
930315.331,DIGITAL_IN,TrayWallIR,0,null
930363.308,DIGITAL_IN,TrayWallIR,-1,null
930391.295,DIGITAL_IN,TrayWallIR,0,null
931098.964,DIGITAL_IN,TrayWallIR,-1,null
931122.953,DIGITAL_IN,TrayWallIR,0,null
931150.94,DIGITAL_IN,TrayWallIR,-1,null
931182.925,DIGITAL_IN,TrayWallIR,0,null
931806.633,DIGITAL_IN,TrayWallIR,-1,null
931834.62,DIGITAL_IN,TrayWallIR,0,null
931966.558,DIGITAL_IN,TrayWallIR,-1,null
931970.557,DIGITAL_IN,TrayWallIR,0,null
933610.789,DIGITAL_IN,ChoiceWallIR,0,null
933730.733,DIGITAL_IN,TrayWallIR,-1,null
934658.299,DIGITAL_IN,ChoiceWallIR,-1,null
934782.24,DIGITAL_IN,ChoiceWallIR,0,null
934910.181,DIGITAL_IN,ChoiceWallIR,-1,null
934962.156,DIGITAL_IN,ChoiceWallIR,0,null
935785.771,DIGITAL_IN,TrayWallIR,0,null
936289.535,DIGITAL_IN,ChoiceWallIR,-1,null
937688.881,DIGITAL_IN,Hole5NP,-1,null
937892.785,DIGITAL_IN,Hole5NP,0,null
938320.585,DIGITAL_IN,ChoiceWallIR,0,null
938760.379,DIGITAL_IN,TrayWallIR,-1,null
939644.965,DIGITAL_IN,TrayWallIR,0,null
940440.593,DIGITAL_IN,ChoiceWallIR,-1,null
941308.187,DIGITAL_IN,TrayWallIR,-1,null
941344.17,DIGITAL_IN,TrayWallIR,0,null
941584.058,DIGITAL_IN,TrayWallIR,-1,null
941600.05,DIGITAL_IN,TrayWallIR,0,null
941935.893,DIGITAL_IN,TrayWallIR,-1,null
941939.892,DIGITAL_IN,Hole5NP,-1,null
941943.89,DIGITAL_IN,TrayWallIR,0,null
941983.871,DIGITAL_IN,Hole5NP,0,null
941999.863,DIGITAL_IN,Hole5NP,-1,null
942019.854,DIGITAL_IN,Hole5NP,0,null
942255.743,DIGITAL_IN,TrayWallIR,-1,null
942267.738,DIGITAL_IN,TrayWallIR,0,null
942315.715,DIGITAL_IN,TrayWallIR,-1,null
942323.712,DIGITAL_IN,TrayWallIR,0,null
946114.938,DIGITAL_IN,Hole5NP,-1,null
946350.827,DIGITAL_IN,Hole5NP,0,null
948493.824,DIGITAL_IN,Hole6NP,-1,null
948785.688,DIGITAL_IN,Hole6NP,0,null
948929.621,DIGITAL_IN,Hole6NP,-1,null
949841.194,DIGITAL_IN,Hole6NP,0,null
950792.749,DIGITAL_IN,Hole5NP,-1,null
951140.586,DIGITAL_IN,Hole5NP,0,null
951620.362,DIGITAL_IN,ChoiceWallIR,0,null
951720.315,DIGITAL_IN,TrayWallIR,-1,null
951736.307,DIGITAL_IN,TrayWallIR,0,null
951756.298,DIGITAL_IN,TrayWallIR,-1,null
951832.262,DIGITAL_IN,TrayWallIR,0,null
952097.138,DIGITAL_IN,TrayWallIR,-1,null
953044.695,DIGITAL_IN,TrayWallIR,0,null
954184.162,DIGITAL_IN,ChoiceWallIR,-1,null
954627.954,DIGITAL_IN,TrayWallIR,-1,null
954643.947,DIGITAL_IN,TrayWallIR,0,null
954935.81,DIGITAL_IN,TrayWallIR,-1,null
954951.803,DIGITAL_IN,TrayWallIR,0,null
955219.677,DIGITAL_IN,TrayWallIR,-1,null
955235.67,DIGITAL_IN,TrayWallIR,0,null
955779.415,DIGITAL_IN,TrayWallIR,-1,null
955863.376,DIGITAL_IN,TrayWallIR,0,null
956607.028,DIGITAL_IN,TrayWallIR,-1,null
956631.017,DIGITAL_IN,TrayWallIR,0,null
956678.994,DIGITAL_IN,TrayWallIR,-1,null
956682.994,DIGITAL_IN,TrayWallIR,0,null
957046.822,DIGITAL_IN,TrayWallIR,-1,null
957058.817,DIGITAL_IN,TrayWallIR,0,null
957138.779,DIGITAL_IN,TrayWallIR,-1,null
957186.757,DIGITAL_IN,TrayWallIR,0,null
957298.704,DIGITAL_IN,TrayWallIR,-1,null
957306.701,DIGITAL_IN,TrayWallIR,0,null
957754.491,DIGITAL_IN,TrayWallIR,-1,null
957758.491,DIGITAL_IN,TrayWallIR,0,null
958286.242,DIGITAL_IN,Hole4NP,-1,null
960570.173,DIGITAL_IN,Hole4NP,0,null
961429.771,DIGITAL_IN,ChoiceWallIR,0,null
962077.468,DIGITAL_IN,ChoiceWallIR,-1,null
963564.772,DIGITAL_IN,Hole6NP,-1,null
963608.752,DIGITAL_IN,Hole6NP,0,null
963660.727,DIGITAL_IN,Hole6NP,-1,null
963677.948,PROGRAMMATIC,PITimerEvent,-1,null
963677.948,ALWAYS,ITI,-1,null
964640.269,DIGITAL_IN,Hole6NP,0,null
965756.747,DIGITAL_IN,Hole4NP,-1,null
965764.743,DIGITAL_IN,Hole4NP,0,null
965776.737,DIGITAL_IN,Hole4NP,-1,null
965932.664,DIGITAL_IN,Hole4NP,0,null
965944.659,DIGITAL_IN,Hole4NP,-1,null
966032.62,DIGITAL_IN,Hole4NP,0,null
966080.595,DIGITAL_IN,Hole4NP,-1,null
966128.573,DIGITAL_IN,Hole4NP,0,null
967967.712,DIGITAL_IN,TrayWallIR,-1,null
967975.708,DIGITAL_IN,TrayWallIR,0,null
968035.683,DIGITAL_IN,ChoiceWallIR,0,null
968147.628,DIGITAL_IN,ChoiceWallIR,-1,null
968539.444,DIGITAL_IN,ChoiceWallIR,0,null
968711.364,DIGITAL_IN,TrayWallIR,-1,null
969550.971,DIGITAL_IN,TrayWallIR,0,null
969766.87,DIGITAL_IN,ChoiceWallIR,-1,null
969774.866,DIGITAL_IN,ChoiceWallIR,0,null
969774.866,DIGITAL_IN,TrayWallIR,-1,null
969986.767,DIGITAL_IN,TrayWallIR,0,null
970182.675,DIGITAL_IN,TrayWallIR,-1,null
970186.676,DIGITAL_IN,TrayWallIR,0,null
970202.666,DIGITAL_IN,TrayWallIR,-1,null
970214.661,DIGITAL_IN,TrayWallIR,0,null
970262.638,DIGITAL_IN,TrayWallIR,-1,null
971382.114,DIGITAL_IN,TrayWallIR,0,null
971450.082,DIGITAL_IN,TrayWallIR,-1,null
971830.904,DIGITAL_IN,TrayWallIR,0,null
971886.878,DIGITAL_IN,TrayWallIR,-1,null
972078.788,DIGITAL_IN,TrayWallIR,0,null
972314.678,DIGITAL_IN,TrayWallIR,-1,null
972334.668,DIGITAL_IN,TrayWallIR,0,null
972442.618,DIGITAL_IN,TrayWallIR,-1,null
972478.601,DIGITAL_IN,TrayWallIR,0,null
972550.567,DIGITAL_IN,TrayWallIR,-1,null
972578.554,DIGITAL_IN,TrayWallIR,0,null
972762.468,DIGITAL_IN,ChoiceWallIR,-1,null
972822.441,DIGITAL_IN,TrayWallIR,-1,null
972870.418,DIGITAL_IN,TrayWallIR,0,null
973182.272,DIGITAL_IN,TrayWallIR,-1,null
973210.259,DIGITAL_IN,TrayWallIR,0,null
973226.252,DIGITAL_IN,TrayWallIR,-1,null
973258.236,DIGITAL_IN,TrayWallIR,0,null
973789.987,DIGITAL_IN,TrayWallIR,-1,null
973865.952,DIGITAL_IN,TrayWallIR,0,null
974701.561,DIGITAL_IN,TrayWallIR,-1,null
974777.526,DIGITAL_IN,TrayWallIR,0,null
977612.199,DIGITAL_IN,ChoiceWallIR,0,null
981947.17,DIGITAL_IN,ChoiceWallIR,-1,null
981951.171,DIGITAL_IN,ChoiceWallIR,0,null
981967.161,DIGITAL_IN,TrayWallIR,-1,null
981983.154,DIGITAL_IN,ChoiceWallIR,-1,null
981995.148,DIGITAL_IN,ChoiceWallIR,0,null
982179.062,DIGITAL_IN,TrayWallIR,0,null
982303.004,DIGITAL_IN,ChoiceWallIR,-1,null
982354.98,DIGITAL_IN,ChoiceWallIR,0,null
982482.92,DIGITAL_IN,ChoiceWallIR,-1,null
982482.92,DIGITAL_IN,TrayWallIR,-1,null
982554.886,DIGITAL_IN,ChoiceWallIR,0,null
982738.8,DIGITAL_IN,ChoiceWallIR,-1,null
982770.785,DIGITAL_IN,ChoiceWallIR,0,null
982786.778,DIGITAL_IN,TrayWallIR,0,null
983078.641,DIGITAL_IN,TrayWallIR,-1,null
983122.621,DIGITAL_IN,TrayWallIR,0,null
983234.568,DIGITAL_IN,TrayWallIR,-1,null
983242.564,DIGITAL_IN,TrayWallIR,0,null
983677.948,PROGRAMMATIC,ITITimerEvent,-1,null
984518.948,PROGRAMMATIC,RandITITimerEvent,-1,null
984518.948,PROGRAMMATIC,PIEvent,-1,null
987989.343,DIGITAL_IN,ChoiceWallIR,-1,null
989868.464,DIGITAL_IN,ChoiceWallIR,0,null
990656.095,DIGITAL_IN,ChoiceWallIR,-1,null
993831.609,DIGITAL_IN,ChoiceWallIR,0,null
997329.972,DIGITAL_IN,TrayWallIR,-1,null
997337.969,DIGITAL_IN,TrayWallIR,0,null
997417.931,DIGITAL_IN,TrayWallIR,-1,null
997425.927,DIGITAL_IN,TrayWallIR,0,null
998738.313,DIGITAL_IN,ChoiceWallIR,-1,null
998766.3,DIGITAL_IN,ChoiceWallIR,0,null
998798.285,DIGITAL_IN,ChoiceWallIR,-1,null
998874.25,DIGITAL_IN,ChoiceWallIR,0,null
999010.186,DIGITAL_IN,ChoiceWallIR,-1,null
999070.159,DIGITAL_IN,ChoiceWallIR,0,null
1000649.419,DIGITAL_IN,ChoiceWallIR,-1,null
1008746.63,DIGITAL_IN,ChoiceWallIR,0,null
1008830.591,DIGITAL_IN,TrayWallIR,-1,null
1008882.567,DIGITAL_IN,ChoiceWallIR,-1,null
1008890.563,DIGITAL_IN,ChoiceWallIR,0,null
1009166.434,DIGITAL_IN,ChoiceWallIR,-1,null
1009262.389,DIGITAL_IN,ChoiceWallIR,0,null
1009274.383,DIGITAL_IN,TrayWallIR,0,null
1009322.361,DIGITAL_IN,TrayWallIR,-1,null
1009358.344,DIGITAL_IN,ChoiceWallIR,-1,null
1009482.286,DIGITAL_IN,ChoiceWallIR,0,null
1009618.222,DIGITAL_IN,ChoiceWallIR,-1,null
1009686.191,DIGITAL_IN,ChoiceWallIR,0,null
1010137.979,DIGITAL_IN,ChoiceWallIR,-1,null
1010305.901,DIGITAL_IN,ChoiceWallIR,0,null
1010537.792,DIGITAL_IN,ChoiceWallIR,-1,null
1010597.764,DIGITAL_IN,ChoiceWallIR,0,null
1010750.692,DIGITAL_IN,ChoiceWallIR,-1,null
1010926.61,DIGITAL_IN,TrayWallIR,0,null
1010938.604,DIGITAL_IN,ChoiceWallIR,0,null
1011334.419,DIGITAL_IN,ChoiceWallIR,-1,null
1011370.402,DIGITAL_IN,ChoiceWallIR,0,null
1011938.137,DIGITAL_IN,ChoiceWallIR,-1,null
1014361.003,DIGITAL_IN,TrayWallIR,-1,null
1014412.979,DIGITAL_IN,TrayWallIR,0,null
1015132.642,DIGITAL_IN,ChoiceWallIR,0,null
1015304.561,DIGITAL_IN,TrayWallIR,-1,null
1016843.841,DIGITAL_IN,TrayWallIR,0,null
1019611.546,DIGITAL_IN,TrayWallIR,-1,null
1019683.512,DIGITAL_IN,TrayWallIR,0,null
1020051.34,DIGITAL_IN,TrayWallIR,-1,null
1020083.325,DIGITAL_IN,TrayWallIR,0,null
1022170.349,DIGITAL_IN,TrayWallIR,-1,null
1022198.336,DIGITAL_IN,TrayWallIR,0,null
1022470.208,DIGITAL_IN,TrayWallIR,-1,null
1025233.915,DIGITAL_IN,TrayWallIR,0,null
1026365.386,DIGITAL_IN,ChoiceWallIR,-1,null
1029518.948,PROGRAMMATIC,PITimerEvent,-1,null
1029518.948,ALWAYS,ITI,-1,null
1030528.438,DIGITAL_IN,ChoiceWallIR,0,null
1030536.434,DIGITAL_IN,ChoiceWallIR,-1,null
1037830.021,DIGITAL_IN,ChoiceWallIR,0,null
1044563.87,DIGITAL_IN,TrayWallIR,-1,null
1044599.853,DIGITAL_IN,TrayWallIR,0,null
1044703.805,DIGITAL_IN,TrayWallIR,-1,null
1044959.685,DIGITAL_IN,TrayWallIR,0,null
1045699.339,DIGITAL_IN,ChoiceWallIR,-1,null
1045967.213,DIGITAL_IN,TrayWallIR,-1,null
1045979.208,DIGITAL_IN,TrayWallIR,0,null
1046255.079,DIGITAL_IN,TrayWallIR,-1,null
1046299.058,DIGITAL_IN,TrayWallIR,0,null
1046391.015,DIGITAL_IN,TrayWallIR,-1,null
1046423.0,DIGITAL_IN,TrayWallIR,0,null
1049518.948,PROGRAMMATIC,ITITimerEvent,-1,null
1050266.202,DIGITAL_IN,ChoiceWallIR,0,null
1051049.835,DIGITAL_IN,ChoiceWallIR,-1,null
1051065.948,PROGRAMMATIC,RandITITimerEvent,-1,null
1051065.948,PROGRAMMATIC,FIEvent,-1,null
1051229.751,DIGITAL_IN,ChoiceWallIR,0,null
1054072.421,DIGITAL_IN,ChoiceWallIR,-1,null
1057135.987,DIGITAL_IN,Hole6NP,-1,null
1057371.877,DIGITAL_IN,Hole6NP,0,null
1063330.089,DIGITAL_IN,ChoiceWallIR,0,null
1063909.818,DIGITAL_IN,TrayWallIR,-1,null
1064465.557,DIGITAL_IN,ChoiceWallIR,-1,null
1064529.527,DIGITAL_IN,TrayWallIR,0,null
1064593.498,DIGITAL_IN,TrayWallIR,-1,null
1064709.443,DIGITAL_IN,TrayWallIR,0,null
1064789.406,DIGITAL_IN,TrayWallIR,-1,null
1065129.247,DIGITAL_IN,TrayWallIR,0,null
1065357.14,DIGITAL_IN,ChoiceWallIR,0,null
1065457.093,DIGITAL_IN,ChoiceWallIR,-1,null
1065489.078,DIGITAL_IN,ChoiceWallIR,0,null
1066065.948,PROGRAMMATIC,FITimerEvent,-1,null
1066252.721,DIGITAL_IN,TrayWallIR,-1,null
1066292.702,DIGITAL_IN,TrayWallIR,0,null
1066584.566,DIGITAL_IN,ChoiceWallIR,-1,null
1067108.321,DIGITAL_IN,TrayWallIR,-1,null
1067652.066,DIGITAL_IN,TrayWallIR,0,null
1070235.857,DIGITAL_IN,ChoiceWallIR,0,null
1070259.846,DIGITAL_IN,TrayWallIR,-1,null
1070263.845,DIGITAL_IN,TrayWallIR,0,null
1070343.807,DIGITAL_IN,ChoiceWallIR,-1,null
1070551.71,DIGITAL_IN,ChoiceWallIR,0,null
1079904.333,DIGITAL_IN,ChoiceWallIR,-1,null
1079928.322,DIGITAL_IN,ChoiceWallIR,0,null
1080016.281,DIGITAL_IN,ChoiceWallIR,-1,null
1080044.268,DIGITAL_IN,ChoiceWallIR,0,null
1080044.268,DIGITAL_IN,TrayWallIR,-1,null
1080332.133,DIGITAL_IN,ChoiceWallIR,-1,null
1080424.09,DIGITAL_IN,ChoiceWallIR,0,null
1080592.011,DIGITAL_IN,ChoiceWallIR,-1,null
1080616.0,DIGITAL_IN,ChoiceWallIR,0,null
1080643.987,DIGITAL_IN,ChoiceWallIR,-1,null
1080699.961,DIGITAL_IN,ChoiceWallIR,0,null
1080831.899,DIGITAL_IN,ChoiceWallIR,-1,null
1081003.819,DIGITAL_IN,ChoiceWallIR,0,null
1081711.487,DIGITAL_IN,TrayWallIR,0,null
1081775.458,DIGITAL_IN,ChoiceWallIR,-1,null
1081835.429,DIGITAL_IN,ChoiceWallIR,0,null
1082331.198,DIGITAL_IN,TrayWallIR,-1,null
1082355.186,DIGITAL_IN,TrayWallIR,0,null
1082491.123,DIGITAL_IN,TrayWallIR,-1,null
1082499.119,DIGITAL_IN,TrayWallIR,0,null
1083607.601,DIGITAL_IN,ChoiceWallIR,-1,null
1083615.596,DIGITAL_IN,ChoiceWallIR,0,null
1083703.555,DIGITAL_IN,ChoiceWallIR,-1,null
1083715.55,DIGITAL_IN,ChoiceWallIR,0,null
1087921.582,DIGITAL_IN,TrayWallIR,-1,null
1087929.578,DIGITAL_IN,TrayWallIR,0,null
1089845.681,DIGITAL_IN,ChoiceWallIR,-1,null
1089857.676,DIGITAL_IN,ChoiceWallIR,0,null
1089977.619,DIGITAL_IN,ChoiceWallIR,-1,null
1092672.359,DIGITAL_IN,ChoiceWallIR,0,null
1092840.28,DIGITAL_IN,ChoiceWallIR,-1,null
1092876.263,DIGITAL_IN,ChoiceWallIR,0,null
1092932.237,DIGITAL_IN,ChoiceWallIR,-1,null
1093232.097,DIGITAL_IN,ChoiceWallIR,0,null
1093547.949,DIGITAL_IN,ChoiceWallIR,-1,null
1093551.948,DIGITAL_IN,ChoiceWallIR,0,null
1093747.855,DIGITAL_IN,ChoiceWallIR,-1,null
1093855.805,DIGITAL_IN,ChoiceWallIR,0,null
1093995.739,DIGITAL_IN,ChoiceWallIR,-1,null
1094263.614,DIGITAL_IN,ChoiceWallIR,0,null
1094443.53,DIGITAL_IN,ChoiceWallIR,-1,null
1094475.516,DIGITAL_IN,ChoiceWallIR,0,null
1095131.208,DIGITAL_IN,ChoiceWallIR,-1,null
1095203.174,DIGITAL_IN,ChoiceWallIR,0,null
1095823.884,DIGITAL_IN,ChoiceWallIR,-1,null
1095831.88,DIGITAL_IN,ChoiceWallIR,0,null
1096065.948,PROGRAMMATIC,TimeOutTimerEvent,-1,null
1096065.948,ALWAYS,ITI,-1,null
1101125.403,DIGITAL_IN,TrayWallIR,-1,null
1101153.39,DIGITAL_IN,TrayWallIR,0,null
1101329.308,DIGITAL_IN,TrayWallIR,-1,null
1101361.293,DIGITAL_IN,TrayWallIR,0,null
1101473.24,DIGITAL_IN,TrayWallIR,-1,null
1101509.223,DIGITAL_IN,TrayWallIR,0,null
1116065.948,PROGRAMMATIC,ITITimerEvent,-1,null
1123508.948,PROGRAMMATIC,RandITITimerEvent,-1,null
1123508.948,PROGRAMMATIC,FIEvent,-1,null
1135811.172,DIGITAL_IN,ChoiceWallIR,-1,null
1135819.169,DIGITAL_IN,ChoiceWallIR,0,null
1135879.141,DIGITAL_IN,ChoiceWallIR,-1,null
1135883.14,DIGITAL_IN,ChoiceWallIR,0,null
1138461.932,DIGITAL_IN,TrayWallIR,-1,null
1138508.948,PROGRAMMATIC,FITimerEvent,-1,null
1138857.747,DIGITAL_IN,TrayWallIR,0,null
1138881.736,DIGITAL_IN,TrayWallIR,-1,null
1139077.644,DIGITAL_IN,TrayWallIR,0,null
1139769.32,DIGITAL_IN,TrayWallIR,-1,null
1139873.272,DIGITAL_IN,TrayWallIR,0,null
1139973.225,DIGITAL_IN,TrayWallIR,-1,null
1140021.203,DIGITAL_IN,TrayWallIR,0,null
1140149.143,DIGITAL_IN,TrayWallIR,-1,null
1140888.797,DIGITAL_IN,TrayWallIR,0,null
1140912.785,DIGITAL_IN,TrayWallIR,-1,null
1140956.765,DIGITAL_IN,TrayWallIR,0,null
1141080.707,DIGITAL_IN,TrayWallIR,-1,null
1141292.608,DIGITAL_IN,TrayWallIR,0,null
1141369.571,DIGITAL_IN,TrayWallIR,-1,null
1141393.56,DIGITAL_IN,TrayWallIR,0,null
1141417.549,DIGITAL_IN,TrayWallIR,-1,null
1141441.538,DIGITAL_IN,TrayWallIR,0,null
1141469.525,DIGITAL_IN,TrayWallIR,-1,null
1141501.51,DIGITAL_IN,TrayWallIR,0,null
1141569.478,DIGITAL_IN,TrayWallIR,-1,null
1141621.454,DIGITAL_IN,TrayWallIR,0,null
1146279.274,DIGITAL_IN,TrayReport,0,null
1146287.27,DIGITAL_IN,TrayWallIR,-1,null
1146287.27,DIGITAL_IN,TrayReport,-1,null
1146323.254,DIGITAL_IN,TrayWallIR,0,null
1146391.222,DIGITAL_IN,TrayWallIR,-1,null
1146407.214,DIGITAL_IN,TrayReport,0,null
1146455.192,DIGITAL_IN,TrayReport,-1,null
1146479.181,DIGITAL_IN,TrayReport,0,null
1146483.18,DIGITAL_IN,TrayReport,-1,null
1146487.178,DIGITAL_IN,TrayWallIR,0,null
1146942.964,DIGITAL_IN,TrayWallIR,-1,null
1147030.922,DIGITAL_IN,TrayWallIR,0,null
1147166.859,DIGITAL_IN,TrayWallIR,-1,null
1147490.707,DIGITAL_IN,TrayWallIR,0,null
1147822.552,DIGITAL_IN,TrayReport,0,null
1147843.542,DIGITAL_IN,TrayReport,-1,null
1147863.533,DIGITAL_IN,ChoiceWallIR,-1,null
1147979.478,DIGITAL_IN,TrayReport,0,null
1147983.478,DIGITAL_IN,TrayReport,-1,null
1147999.469,DIGITAL_IN,ChoiceWallIR,0,null
1149994.536,DIGITAL_IN,TrayWallIR,-1,null
1150002.532,DIGITAL_IN,TrayWallIR,0,null
1154136.597,DIGITAL_IN,TrayWallIR,-1,null
1154445.453,DIGITAL_IN,TrayWallIR,0,null
1155137.129,DIGITAL_IN,TrayWallIR,-1,null
1155444.985,DIGITAL_IN,TrayWallIR,0,null
1155852.794,DIGITAL_IN,TrayWallIR,-1,null
1155916.764,DIGITAL_IN,TrayWallIR,0,null
1156724.387,DIGITAL_IN,ChoiceWallIR,-1,null
1159483.096,DIGITAL_IN,TrayWallIR,-1,null
1159499.088,DIGITAL_IN,TrayWallIR,0,null
1159547.066,DIGITAL_IN,TrayWallIR,-1,null
1159563.058,DIGITAL_IN,TrayWallIR,0,null
1160178.77,DIGITAL_IN,ChoiceWallIR,0,null
1160418.658,DIGITAL_IN,TrayWallIR,-1,null
1161215.285,DIGITAL_IN,TrayWallIR,0,null
1161866.98,DIGITAL_IN,TrayWallIR,-1,null
1161870.98,DIGITAL_IN,TrayWallIR,0,null
1163274.322,DIGITAL_IN,ChoiceWallIR,-1,null
1163554.191,DIGITAL_IN,TrayWallIR,-1,null
1163566.185,DIGITAL_IN,TrayWallIR,0,null
1163598.17,DIGITAL_IN,TrayWallIR,-1,null
1163622.159,DIGITAL_IN,TrayWallIR,0,null
1163934.013,DIGITAL_IN,Hole4NP,-1,null
1163969.996,DIGITAL_IN,Hole4NP,0,null
1164077.946,DIGITAL_IN,TrayWallIR,-1,null
1164145.914,DIGITAL_IN,TrayWallIR,0,null
1164277.852,DIGITAL_IN,TrayWallIR,-1,null
1164417.787,DIGITAL_IN,TrayWallIR,0,null
1166332.89,DIGITAL_IN,TrayWallIR,-1,null
1166340.887,DIGITAL_IN,TrayWallIR,0,null
1166800.672,DIGITAL_IN,TrayWallIR,-1,null
1166808.668,DIGITAL_IN,TrayWallIR,0,null
1168508.948,PROGRAMMATIC,TimeOutTimerEvent,-1,null
1168508.948,ALWAYS,ITI,-1,null
1169496.41,DIGITAL_IN,TrayWallIR,-1,null
1169504.406,DIGITAL_IN,TrayWallIR,0,null
1169808.264,DIGITAL_IN,TrayWallIR,-1,null
1169812.264,DIGITAL_IN,TrayWallIR,0,null
1170192.085,DIGITAL_IN,ChoiceWallIR,0,null
1170252.056,DIGITAL_IN,ChoiceWallIR,-1,null
1170863.77,DIGITAL_IN,Hole4NP,-1,null
1170879.763,DIGITAL_IN,Hole4NP,0,null
1171539.454,DIGITAL_IN,Hole4NP,-1,null
1171671.392,DIGITAL_IN,Hole4NP,0,null
1172415.044,DIGITAL_IN,ChoiceWallIR,0,null
1172586.964,DIGITAL_IN,ChoiceWallIR,-1,null
1172590.965,DIGITAL_IN,ChoiceWallIR,0,null
1172722.9,DIGITAL_IN,ChoiceWallIR,-1,null
1173058.743,DIGITAL_IN,ChoiceWallIR,0,null
1173066.739,DIGITAL_IN,ChoiceWallIR,-1,null
1173070.738,DIGITAL_IN,ChoiceWallIR,0,null
1173258.65,DIGITAL_IN,ChoiceWallIR,-1,null
1173270.644,DIGITAL_IN,ChoiceWallIR,0,null
1173730.429,DIGITAL_IN,ChoiceWallIR,-1,null
1176618.078,DIGITAL_IN,ChoiceWallIR,0,null
1181560.765,DIGITAL_IN,ChoiceWallIR,-1,null
1181584.754,DIGITAL_IN,ChoiceWallIR,0,null
1181728.686,DIGITAL_IN,ChoiceWallIR,-1,null
1181740.681,DIGITAL_IN,ChoiceWallIR,0,null
1182268.434,DIGITAL_IN,TrayWallIR,-1,null
1182284.426,DIGITAL_IN,TrayWallIR,0,null
1182560.297,DIGITAL_IN,TrayWallIR,-1,null
1182568.293,DIGITAL_IN,TrayWallIR,0,null
1182772.198,DIGITAL_IN,TrayWallIR,-1,null
1183203.996,DIGITAL_IN,TrayWallIR,0,null
1183323.94,DIGITAL_IN,TrayWallIR,-1,null
1183459.876,DIGITAL_IN,TrayWallIR,0,null
1185514.914,DIGITAL_IN,TrayWallIR,-1,null
1185530.907,DIGITAL_IN,TrayWallIR,0,null
1186370.517,DIGITAL_IN,TrayWallIR,-1,null
1187862.816,DIGITAL_IN,TrayWallIR,0,null
1188508.948,PROGRAMMATIC,ITITimerEvent,-1,null
1189789.914,DIGITAL_IN,ChoiceWallIR,-1,null
1189793.914,DIGITAL_IN,ChoiceWallIR,0,null
1190493.585,DIGITAL_IN,ChoiceWallIR,-1,null
1190817.433,DIGITAL_IN,ChoiceWallIR,0,null
1191936.909,DIGITAL_IN,TrayWallIR,-1,null
1193733.069,DIGITAL_IN,TrayWallIR,0,null
1196047.948,PROGRAMMATIC,RandITITimerEvent,-1,null
1196047.948,PROGRAMMATIC,FIEvent,-1,null
1197239.428,DIGITAL_IN,TrayWallIR,-1,null
1197571.273,DIGITAL_IN,TrayWallIR,0,null
1197739.194,DIGITAL_IN,ChoiceWallIR,-1,null
1199770.244,DIGITAL_IN,Hole5NP,-1,null
1199798.231,DIGITAL_IN,Hole5NP,0,null
1201902.246,DIGITAL_IN,TrayWallIR,-1,null
1201966.216,DIGITAL_IN,TrayWallIR,0,null
1202561.938,DIGITAL_IN,TrayWallIR,-1,null
1202569.935,DIGITAL_IN,TrayWallIR,0,null
1203065.702,DIGITAL_IN,ChoiceWallIR,0,null
1203077.696,DIGITAL_IN,ChoiceWallIR,-1,null
1203077.696,DIGITAL_IN,TrayWallIR,-1,null
1203093.689,DIGITAL_IN,TrayWallIR,0,null
1203117.678,DIGITAL_IN,ChoiceWallIR,0,null
1203129.672,DIGITAL_IN,TrayWallIR,-1,null
1203149.663,DIGITAL_IN,TrayWallIR,0,null
1203169.653,DIGITAL_IN,ChoiceWallIR,-1,null
1203573.465,DIGITAL_IN,ChoiceWallIR,0,null
1203893.315,DIGITAL_IN,ChoiceWallIR,-1,null
1203957.285,DIGITAL_IN,ChoiceWallIR,0,null
1204021.255,DIGITAL_IN,ChoiceWallIR,-1,null
1206544.074,DIGITAL_IN,TrayWallIR,-1,null
1206548.074,DIGITAL_IN,TrayWallIR,0,null
1207244.746,DIGITAL_IN,TrayWallIR,-1,null
1207252.743,DIGITAL_IN,TrayWallIR,0,null
1208332.238,DIGITAL_IN,Hole4NP,-1,null
1208380.215,DIGITAL_IN,Hole4NP,0,null
1210403.269,DIGITAL_IN,ChoiceWallIR,0,null
1210551.199,DIGITAL_IN,TrayWallIR,-1,null
1210827.07,DIGITAL_IN,TrayWallIR,0,null
1211047.948,PROGRAMMATIC,FITimerEvent,-1,null
1211490.76,DIGITAL_IN,TrayWallIR,-1,null
1211502.754,DIGITAL_IN,TrayWallIR,0,null
1211510.75,DIGITAL_IN,TrayWallIR,-1,null
1211522.745,DIGITAL_IN,TrayWallIR,0,null
1213141.987,DIGITAL_IN,TrayWallIR,-1,null
1213330.899,DIGITAL_IN,TrayWallIR,0,null
1213386.872,DIGITAL_IN,TrayWallIR,-1,null
1213494.822,DIGITAL_IN,TrayWallIR,0,null
1213602.771,DIGITAL_IN,TrayWallIR,-1,null
1213642.753,DIGITAL_IN,TrayWallIR,0,null
1213958.605,DIGITAL_IN,TrayWallIR,-1,null
1214202.491,DIGITAL_IN,TrayWallIR,0,null
1214334.429,DIGITAL_IN,ChoiceWallIR,-1,null
1215162.042,DIGITAL_IN,TrayWallIR,-1,null
1215170.038,DIGITAL_IN,TrayWallIR,0,null
1215261.995,DIGITAL_IN,TrayWallIR,-1,null
1215285.984,DIGITAL_IN,TrayWallIR,0,null
1215337.959,DIGITAL_IN,ChoiceWallIR,0,null
1215649.813,DIGITAL_IN,ChoiceWallIR,-1,null
1218564.45,DIGITAL_IN,ChoiceWallIR,0,null
1222963.391,DIGITAL_IN,ChoiceWallIR,-1,null
1223263.251,DIGITAL_IN,TrayWallIR,-1,null
1223315.226,DIGITAL_IN,TrayWallIR,0,null
1224790.536,DIGITAL_IN,ChoiceWallIR,0,null
1228113.981,DIGITAL_IN,ChoiceWallIR,-1,null
1229097.521,DIGITAL_IN,ChoiceWallIR,0,null
1230312.952,DIGITAL_IN,TrayWallIR,-1,null
1230444.89,DIGITAL_IN,TrayWallIR,0,null
1230452.887,DIGITAL_IN,ChoiceWallIR,-1,null
1230612.812,DIGITAL_IN,ChoiceWallIR,0,null
1230712.765,DIGITAL_IN,ChoiceWallIR,-1,null
1230732.756,DIGITAL_IN,ChoiceWallIR,0,null
1231628.336,DIGITAL_IN,ChoiceWallIR,-1,null
1236027.278,DIGITAL_IN,ChoiceWallIR,0,null
1236083.252,DIGITAL_IN,TrayWallIR,-1,null
1236351.127,DIGITAL_IN,TrayWallIR,0,null
1236615.003,DIGITAL_IN,ChoiceWallIR,-1,null
1236638.992,DIGITAL_IN,ChoiceWallIR,0,null
1238330.201,DIGITAL_IN,ChoiceWallIR,-1,null
1241047.948,PROGRAMMATIC,TimeOutTimerEvent,-1,null
1241047.948,ALWAYS,ITI,-1,null
1241941.511,DIGITAL_IN,ChoiceWallIR,0,null
1242385.303,DIGITAL_IN,TrayWallIR,-1,null
1246585.677,PROGRAM,TERMINATE,-1,null
1246585.677,PROGRAM,END,-1,null
